,State,Total_posterior,Total_prior,Total_std,ONG_max,ONG_prior,ONG_std,ONG_min,ONG_posterior,Total_min,Total_max,Total_ExclSoilAbs_posterior,Total_ExclSoilAbs_prior,Total_ExclSoilAbs_std,Total_ExclSoilAbs_min,Total_ExclSoilAbs_max,Oil_posterior,Oil_prior,Oil_std,Oil_min,Oil_max,Gas_posterior,Gas_prior,Gas_std,Gas_min,Gas_max,Coal_posterior,Coal_prior,Coal_std,Coal_min,Coal_max,Livestock_posterior,Livestock_prior,Livestock_std,Livestock_min,Livestock_max,Landfills_posterior,Landfills_prior,Landfills_std,Landfills_min,Landfills_max,Wastewater_posterior,Wastewater_prior,Wastewater_std,Wastewater_min,Wastewater_max,Rice_posterior,Rice_prior,Rice_std,Rice_min,Rice_max,OtherAnth_posterior,OtherAnth_prior,OtherAnth_std,OtherAnth_min,OtherAnth_max,BiomassBurn_posterior,BiomassBurn_prior,BiomassBurn_std,BiomassBurn_min,BiomassBurn_max,Reservoirs_posterior,Reservoirs_prior,Reservoirs_std,Reservoirs_min,Reservoirs_max,Wetlands_posterior,Wetlands_prior,Wetlands_std,Wetlands_min,Wetlands_max,Termites_posterior,Termites_prior,Termites_std,Termites_min,Termites_max,Lakes_posterior,Lakes_prior,Lakes_std,Lakes_min,Lakes_max,Seeps_posterior,Seeps_prior,Seeps_std,Seeps_min,Seeps_max,SoilAbsorb_posterior,SoilAbsorb_prior,SoilAbsorb_std,SoilAbsorb_min,SoilAbsorb_max,Year
0,Alabama,0.8166741363371598,0.9373922215910606,0.13682527172349157,0.13495840608767026,0.1311923942238665,0.021360526357707462,0.05870360876525961,0.11246066337159441,0.47126012650582216,0.9688125481493499,0.8505469468154705,0.9712649530147243,0.13682527047514895,0.5051329332093702,1.0026853417236457,0.0005923654913860287,0.0008516153123113323,0.00022236653051020358,8.592213722457582e-06,0.0008137370827919674,0.11186829788020838,0.13034077891155516,0.02113815982719726,0.05869501655153715,0.1341446690048783,0.2060818050562922,0.2079287178240935,0.011855786238270867,0.18753483756870093,0.23371645267795113,0.08367357426655679,0.09867791527045952,0.016381946222150463,0.04077942569632128,0.09951034210046698,0.14184513466731946,0.16579418361672366,0.0253836580546706,0.07769739081173242,0.16792521576205816,0.02306141627089956,0.03425389416457167,0.010234218051021447,-0.004005007716371754,0.032966471646609485,0.0,0.0,0.0,0.0,0.0,0.009206503196854628,0.011131249302429994,0.0019712517878891097,0.004065357297312994,0.011193725869786945,0.0022189081694597413,0.002639125900698556,0.000414618933075764,0.0011526970802879346,0.002639830073761317,0.12185686298002997,0.12991308890244518,0.016746625470595838,0.08021746538649248,0.13962177883612778,0.1398112747268385,0.17769800540467093,0.035572355825865855,0.04761506919780301,0.175482706032185,0.008329022347191522,0.009773967285553485,0.0015729919144477334,0.0042359136023999095,0.009877111166430108,0.0,0.0,0.0,0.0,0.0,0.002001562928443787,0.002262149572679141,0.00030480295816745576,0.0012137490249804854,0.002303912507780407,-0.03387261247249689,-0.03387261247249689,0.0,-0.03387261247249689,-0.03387261247249689,2019
1,Arizona,0.030983483147118254,0.16512073654910478,0.05363341941600786,0.03834733733194953,0.0447972730961292,0.004610993332258315,0.02194229555303174,0.029693795017393,-0.08850258558001556,0.11312897990189681,0.1526638233659287,0.2868010908382761,0.05363343009263861,0.03317772544458852,0.23480933075434202,3.993493796656839e-06,5.624789921574855e-06,1.0209468806175601e-06,1.3905867006612487e-06,5.122062129260104e-06,0.02968980152359634,0.044791648306207625,0.004609972385377698,0.02194090496633108,0.03834221526982027,0.00175353337099265,0.0015348085457126584,0.00028242147432657486,0.001530719814301516,0.0026342609926642544,0.06570739087907465,0.1134347383068055,0.01737096568221584,0.028453794804795308,0.0941951502366696,0.031235522601206312,0.0697149123140832,0.01360735125155362,0.003865665915883292,0.054283550376200085,0.00429726729675455,0.007981744573333963,0.0009613065452949502,0.0027579278981129207,0.006341323016102969,0.0,0.0,0.0,0.0,0.0,0.003213479300723878,0.006469343659352593,0.0010781093792879457,0.0012081753438208194,0.005127466502002702,0.00036884561098486917,0.004029071559143578,0.0028786238155235123,-0.00728269450141231,0.003155154229531766,0.0014298197548792307,0.018015326890641246,0.010919567814316942,-0.027531126909991734,0.013032962625023379,0.004136919114200957,0.006499166624568564,0.0014516816449477669,0.00026208801423852307,0.005736392909892067,0.009976271432923706,0.013376648803446517,0.0017211853286400746,0.005694388564246645,0.012142951737642755,0.0,0.0,0.0,0.0,0.0,0.0008509965811848717,0.0009481137453258996,5.827984197341787e-05,0.000713970865553217,0.0009355160785849435,-0.12168035941649974,-0.12168035941649977,0.0,-0.12168035941649977,-0.12168035941649977,2019
2,Arkansas,1.168066141737354,0.8174326280059528,0.08020315647720373,0.2131002923567387,0.13869141295418086,0.009012719345073257,0.16672982063373704,0.1835378282514759,1.0357949093758174,1.4259188021646052,1.2053911313948593,0.8547575491179519,0.08020320077231645,1.0731198373032458,1.4632439221791307,0.00831233129511597,0.0061121647591102935,0.0003328178670162028,0.007363485090315854,0.008764739705260621,0.17522549695635994,0.13257924819507055,0.008679901478057054,0.1593663355434212,0.20433555265147807,0.020787262693092123,0.013754460587934501,0.002273314852125685,0.01734860897849191,0.028345698056396945,0.16863827703431603,0.12945619327689345,0.012424440116116715,0.15135839339414572,0.2149889752166497,0.09310369880005127,0.05995868052628236,0.011545589976971655,0.0744662034389806,0.13230554911344133,0.018814094028907963,0.01345756640120593,0.0018516664063667019,0.016164353381885137,0.024927599422847797,0.30845922784785446,0.19531242888405334,0.023240154703855657,0.2603738426306542,0.3773989688339907,0.014501470046706462,0.009919029228278793,0.0013890142252898803,0.012367064404296706,0.019038761459815288,0.011885652281651978,0.00834200203013748,0.0007348982929097393,0.010568831956105508,0.013948436762411111,0.07689563064335367,0.0683971817857519,0.009871837568795982,0.051676636626731054,0.09079870560837686,0.2860902600084108,0.20062453418900922,0.017639318233199846,0.24997354496228733,0.34652280090623816,0.0160345901570725,0.011767570616375659,0.000979129944552388,0.014480866741288088,0.019354147057933462,0.0,0.0,0.0,0.0,0.0,0.006643420004303158,0.005076729463043468,0.0003488643113540058,0.0059437859752227516,0.007829411307536987,-0.03732490491485212,-0.03732490491485212,0.0,-0.03732490491485212,-0.03732490491485212,2019
3,California,1.639730512880163,1.6994016935066782,0.19566997922343937,0.26443521096219486,0.22036109196448883,0.028564037738874712,0.15550430166089402,0.21361104657508084,1.2055923657776344,1.9768807436751248,1.7703428074879315,1.8300138348148174,0.19566997669000785,1.336204726257614,2.107493082606707,0.10070773312734,0.07112726691054862,0.00986885189586765,0.08168399535208722,0.12387672701139947,0.11290331344774085,0.1492338250539402,0.01869518584300706,0.07382030630880679,0.1405584839507954,0.0,0.0,0.0,0.0,0.0,0.9923874349733586,0.7716550900048748,0.07314108673731545,0.8125329625739244,1.139319439509237,0.2880083065804213,0.3890761718998789,0.05388755525730946,0.18962491530596148,0.378124125221683,0.03364142508687082,0.047310986473912936,0.006048139576509257,0.02323591127490748,0.04767420017287528,0.09022138091828856,0.13882575808183725,0.010512896177265288,0.07262044583932625,0.10688298042346021,0.028379805620980955,0.03608280939936008,0.004524999456500222,0.01865142272556388,0.035041877592553686,0.015765946021417575,0.016994221849752873,0.0014691932526336529,0.013572240633504184,0.019736040394080067,0.02132316144266376,0.06952184511888881,0.02052185653126478,-0.021115799445473697,0.05072223812413696,0.04147217576340901,0.06079887988941914,0.011863071266146063,0.011428223830456864,0.05410420754718645,0.012431175047218737,0.016686305953295944,0.003938584861876227,0.0020979493054180394,0.016525150830398287,0.0,0.0,0.0,0.0,0.0,0.03310065893938472,0.06269992146636372,0.0201127859053623,-0.01991742729457334,0.05473033204411925,-0.13061201440416836,-0.13061201440416836,2.7755575615628914e-17,-0.13061201440416836,-0.13061201440416836,2019
4,Colorado,0.7621577193028046,0.7425074507377712,0.06721034148205215,0.448774324636789,0.3253298833460702,0.028619787531261678,0.3244300574653324,0.3737453997512132,0.6278300419789492,0.9118459717393116,0.8418820219929476,0.8222318054429947,0.06721035667033502,0.7075543017755151,0.991570274134549,0.040305028680405586,0.03595653994366475,0.003035240071840191,0.03624824033671897,0.050039388204130335,0.3334403710708076,0.28937334340240545,0.025584547459421486,0.2881818171286134,0.39873493643265867,0.035164016334016564,0.04666598990435249,0.006269522866906238,0.0220558496266897,0.04496555321556082,0.23430378001256297,0.2458580550781696,0.0196414226516991,0.19681237704195717,0.2774754292362535,0.08097435220519476,0.08107464711694161,0.006655177621665648,0.06659263206436442,0.09533180336512331,0.01219358383340557,0.012694150699665764,0.0009469689316113608,0.010080862511157676,0.013870789379818012,0.0,0.0,0.0,0.0,0.0,0.011628062725730024,0.011994318484275674,0.001142849070828155,0.00902401708882959,0.013806105327282433,0.002589445681378155,0.002535452513005612,0.00019444235234623806,0.0024199486879464254,0.0032709902922452563,0.0066544581684369695,0.008084259565115298,0.0007727456077902534,0.005464487745570548,0.008272244922922653,0.030402217602565992,0.0343292767372686,0.00377290691528521,0.021794891108781928,0.03499706459412525,0.01850253631522862,0.019120031335436303,0.0012964878911254085,0.01614556866509272,0.020943085537988383,0.0,0.0,0.0,0.0,0.0,0.035724518105988756,0.034545941014466,0.002718622418854122,0.030020940314514997,0.03950330047512778,-0.07972450229001328,-0.07972450229001328,0.0,-0.07972450229001328,-0.07972450229001328,2019
5,Connecticut,0.0514005607237257,0.04835503892940393,0.0029063500526070513,0.00811034406743695,0.007079856132923508,0.0002990069486053049,0.007048398532650947,0.00736266702122844,0.04848100778961637,0.05881403491785234,0.05349128911309039,0.05044576789747907,0.002906348884823596,0.050571737096921254,0.06090475944841644,0.0,0.0,0.0,0.0,0.0,0.00736266702122844,0.007079856132923508,0.0002990069486053049,0.007048398532650947,0.00811034406743695,0.0,0.0,0.0,0.0,0.0,0.0034350514037848555,0.0031322433488034534,0.00029352600799708504,0.0031635962556085446,0.004264387700105782,0.007183654532871591,0.006299374314171168,0.0007695557099614639,0.006407255251911706,0.00927518604650898,0.003298882630673996,0.003134834244379978,0.00015637244250032693,0.0031354891395621327,0.0036718926356543733,0.0,0.0,0.0,0.0,0.0,0.0034782258531581983,0.003316135398025365,0.00016068290221626328,0.00331228481172608,0.003867797017480762,2.4905257803991587e-05,2.2919155211987423e-05,1.8826077813000328e-06,2.313356951904662e-05,3.0200920752163125e-05,0.0,0.0,0.0,0.0,0.0,0.0282905534391936,0.027058780510592337,0.0012532267137348703,0.026996715283381024,0.031316624781837415,0.00041731850716712055,0.0004015976082926924,1.6703425202613125e-05,0.00039981010019555314,0.0004572897969945032,0.0,0.0,0.0,0.0,0.0,0.0,0.0,0.0,0.0,0.0,-0.002090729765764656,-0.002090729765764656,0.0,-0.002090729765764656,-0.002090729765764656,2019
6,Delaware,0.05476077883252648,0.06253928074799313,0.007066592548817289,0.001079830826205424,0.0010921963786114162,0.00012892845818056068,0.0006368628318052534,0.0009520591433927839,0.03719747850155165,0.06170197300411679,0.05648881249136881,0.06426731080676232,0.007066589592913892,0.03892552140575737,0.06343000423588502,0.0,0.0,0.0,0.0,0.0,0.0009520591433927839,0.0010921963786114162,0.00012892845818056068,0.0006368628318052534,0.001079830826205424,0.0,0.0,0.0,0.0,0.0,0.0032424372823141503,0.0037291419597873126,0.00044026747034674955,0.002177561527861265,0.0036770998933076575,0.007551388712131317,0.009276956541628944,0.0015710977936633287,0.0035154462398548024,0.009057680235748891,0.004397506810256454,0.005298706299117109,0.0007988680764963059,0.002297948169989553,0.005175436164189791,0.0,0.0,0.0,0.0,0.0,0.0004804492385819445,0.0005839398415092691,9.673563212832646e-05,0.00022969215003676433,0.0005720712039930588,2.7043596721753937e-05,3.662523561104856e-05,9.310023996030868e-06,1.3289110291020046e-06,3.536628262746337e-05,0.0,0.0,0.0,0.0,0.0,0.03961780293641087,0.043997778911688254,0.0039982687092798294,0.029922163369045955,0.04381856509204089,0.0002201460036218975,0.00025199850731288703,2.9694068501119393e-05,0.00014450550327125888,0.0002486237038664502,0.0,0.0,0.0,0.0,0.0,0.0,0.0,0.0,0.0,0.0,-0.0017280228795901783,-0.0017280228795901783,2.168404344971009e-19,-0.0017280228795901783,-0.0017280228795901783,2019
7,Florida,1.4914434416986164,1.102943897062115,0.14866846041299597,0.05929554841166204,0.03861568710553733,0.004708408177708323,0.04151828225161529,0.05022491864788689,1.1948569318517965,1.842166347335887,1.5082737620793736,1.1197742319168593,0.1486684461894328,1.2116872718075815,1.8589965869045189,2.1477264063362378e-05,1.950497951860516e-05,1.357419780403522e-06,1.9932400686338606e-05,2.5300840203570555e-05,0.05020344138382353,0.03859618212601873,0.004707050757927919,0.04149834985092895,0.05927024757145847,0.0,0.0,0.0,0.0,0.0,0.20233828941516427,0.14350960119148037,0.026114023084381804,0.15535441435273076,0.2735296261327068,0.333696301196135,0.2557751481214673,0.02360139975484791,0.2791526307167512,0.3850485650530653,0.01793772110853874,0.013802810343429889,0.0015872826851356888,0.014759793810324696,0.02105929649785623,0.0,0.0,0.0,0.0,0.0,0.02056238229743725,0.015636355763877213,0.001991169738590009,0.016773330668085742,0.024899568061267034,0.01215933489630532,0.009241464479385904,0.001436141184893495,0.009820592863095477,0.016226390689796755,0.0018646532338931353,0.0015835717782548013,0.00020612138996523252,0.0016706907242253586,0.00249103286568461,0.8618824853005085,0.6352728071931796,0.08975570566982591,0.6860269650842905,1.06901884981561,0.007487151942679088,0.00622469409001591,0.00048423550147158205,0.006495552582761511,0.009050865086176875,0.0,0.0,0.0,0.0,0.0,0.00012050982513907364,0.00011207830768566989,2.1670305549757526e-06,0.00011500351514414128,0.0001300100114775175,-0.01683024980116131,-0.01683024980116131,0.0,-0.01683024980116131,-0.01683024980116131,2019
8,Georgia,0.8948214778042123,0.767503465075837,0.050210665788826755,0.0516191010717533,0.03611118935808357,0.0026627304217988106,0.03961363749365073,0.04380047263003971,0.8227365137837115,1.0851939430281556,0.9361694261821882,0.8088514107537479,0.05021066913630633,0.8640844703449378,1.1265418489884382,0.0,0.0,0.0,0.0,0.0,0.04380047263003971,0.03611118935808357,0.0026627304217988106,0.03961363749365073,0.0516191010717533,0.0,0.0,0.0,0.0,0.0,0.12917521068729573,0.12052181460018044,0.005009697374539941,0.12239666802490956,0.14641845708390788,0.2827101220494445,0.2210911660084785,0.02195788619542531,0.245788973983777,0.3519778974095921,0.02010696747860809,0.015491206772918856,0.0018251075566231916,0.017220744904673353,0.025448780956253945,2.6386893245587116e-15,4.651690412991474e-15,2.338567751971056e-15,-4.2393196778803864e-15,4.551251775125005e-15,0.016959129199251837,0.014426958020847168,0.0008812962667569493,0.015616532770960687,0.019725895924934133,0.004368978760221871,0.004325337982913209,0.00020233292397216598,0.003882605614624773,0.004832987058851717,0.07435909757034882,0.07410908011934399,0.006396835316923812,0.056909562351665284,0.08500100412756599,0.3538469675111347,0.31249691621290177,0.019868887690950972,0.3229265519498904,0.45180854356710576,0.010603719465045736,0.010065536535699075,0.0005778515959186598,0.009308569739967618,0.011998235976798893,0.0,0.0,0.0,0.0,0.0,0.00023885553439957467,0.00021223419189846552,5.1722419209977995e-06,0.0002289270631007868,0.0002554494482604489,-0.041347884927415694,-0.041347884927415694,6.938893903907228e-18,-0.041347884927415694,-0.041347884927415694,2019
9,Idaho,0.33897189428282404,0.43697890975936915,0.0509036022814577,0.014154869447691043,0.01500098015467823,0.001386060975627744,0.008538020832699658,0.011689417812974414,0.2643391895468453,0.5304926916811207,0.40659862991882406,0.5046056506128582,0.05090360502386147,0.33196591969015643,0.5981194329651632,0.0,0.0,0.0,0.0,0.0,0.011689417812974414,0.01500098015467823,0.001386060975627744,0.008538020832699658,0.014154869447691043,0.0,0.0,0.0,0.0,0.0,0.2425055207125246,0.31617276535427025,0.025410714250543323,0.19437815161376057,0.2928164981384922,0.018837752793598665,0.020397611182835968,0.0015625906423501735,0.016542892551932958,0.02283690823277,0.002622976955672998,0.0035327209081718134,0.0003715981284805204,0.001988780164837348,0.003445559870326351,0.0,0.0,0.0,0.0,0.0,0.0054208796595977635,0.006677330950042332,0.0005077544496216765,0.004632364962916411,0.0066613307913242475,0.00575445941173389,0.00319967726146837,0.0039055306069574543,0.0030720752107020756,0.029038569989986978,0.06527039467519026,0.0837530094827553,0.009547130029942659,0.05036581753348131,0.09477171787121588,0.038212804079592946,0.03880626491853277,0.01143513789955756,0.02863466775007813,0.10368123744796855,0.014059675804572878,0.014171866725289738,0.0036408441853094118,0.010922902460959989,0.034911157611197494,0.0,0.0,0.0,0.0,0.0,0.0022247410342364792,0.002893431024492086,0.00042038856756052413,0.001083082293959971,0.002674450948246127,-0.06762677973557614,-0.06762677973557614,0.0,-0.06762677973557614,-0.06762677973557614,2019
10,Illinois,1.2495837595685308,0.66997104463926,0.171583792636861,0.22112983606863174,0.08416391346188905,0.025175500106705575,0.11021172962892671,0.1613109008322964,0.8934828803920999,1.6410379493744922,1.2773445194934734,0.6977318333501177,0.17158379132827645,0.9212436500603105,1.6687986790456346,0.00045326707073796966,0.00018155751884765535,8.739582724719995e-05,0.00026273508869058255,0.0005971961333405845,0.16085763376155843,0.08398235594304139,0.025088104279458377,0.10994899454023613,0.22053263993529115,0.2125581919991712,0.12639120295251252,0.016227993050144572,0.18089834209124406,0.25361500617247873,0.29838438917107896,0.15662811195511084,0.05091124815905868,0.20149957809278393,0.4239268542969142,0.32957435437171145,0.1695247081326615,0.04971354130535624,0.22275999186006354,0.4370082956865756,0.057006531845841174,0.03274701909974278,0.006518896098891917,0.04276316210533983,0.07040119488871065,0.00015103534581602455,0.0001142864584694008,8.040057718851823e-06,0.00012676937387611238,0.0001645592133132848,0.04400501899678132,0.022094998423990195,0.007069109725812774,0.029676797616406528,0.061190483023262916,0.001548961208374256,0.0008815794880736399,0.00023522399289593366,0.0011129885363959208,0.002175060811410089,0.014171550164709008,0.013497695283568098,0.0008166012891611833,0.012112648222067087,0.015050630071248801,0.1214496628646696,0.07178509935892162,0.014775033820039082,0.09148930406419593,0.15571408071283277,0.027541551784397697,0.013951113649669014,0.00492722705103333,0.018088594156143414,0.038785712008265055,0.0,0.0,0.0,0.0,0.0,0.009642400633325672,0.005952166674618247,0.0010141771471665136,0.0075677564225162565,0.012152239282074885,-0.0277608548681516,-0.0277608548681516,0.0,-0.0277608548681516,-0.0277608548681516,2019
11,Indiana,0.9413090128559103,0.5358192406197083,0.12748205584039124,0.12278504475117047,0.052723861067648106,0.012830429878977373,0.06598152371127025,0.09182396171541594,0.6973181216941154,1.3344849934286123,0.9608924772240863,0.5554026262209018,0.12748207252678034,0.716901559481152,1.3540685042828624,0.0009411201963370182,0.0007078284190647294,3.9645464713678635e-05,0.0008570059504252227,0.0010430391104070149,0.09088284151907892,0.05201603264858338,0.012790784414263694,0.06512451776084503,0.12174200564076346,0.199173472006629,0.1272330668679172,0.01429807559773557,0.17328059324571934,0.26366148449179905,0.26152594900525705,0.14490082510588434,0.046072883324520926,0.17786397255698502,0.41278109876745445,0.24629315986494782,0.130778469998946,0.04311734736294355,0.1664164385933403,0.3837663886538823,0.02566326573008529,0.014053784678126858,0.004581782987947303,0.017784581379944746,0.043801698758931945,0.0,0.0,0.0,0.0,0.0,0.03683398836916469,0.022523521611083334,0.004460528939742949,0.027888593113430685,0.048486671736170134,0.0007737957365515602,0.00045973896326744954,0.00012992342888601364,0.0005591510719902988,0.0013338305191015758,0.001970693974882808,0.0008786981437946834,0.0009242680075022383,0.0010590131017728355,0.007273872572923746,0.07549273763941002,0.049111157397713046,0.007271391600001258,0.06010343780605984,0.09651858421537529,0.015165788766132754,0.008661840912200935,0.002463550527335736,0.010727630307132639,0.024364842952181137,0.0,0.0,0.0,0.0,0.0,0.006176076678380777,0.004077818621379997,0.000653560099561671,0.0049071613650946535,0.008315385593240103,-0.019583278988156635,-0.01958327898815664,3.469446951953614e-18,-0.01958327898815664,-0.01958327898815664,2019
12,Iowa,0.7336886631496592,0.6414665440731278,0.025950199620816485,0.044397088509194646,0.03874983750017385,0.0016339588640064003,0.03639043564705269,0.04125309084776895,0.6899004989003014,0.8403636120571487,0.7647995345571544,0.6725774055793773,0.025950206282947173,0.7210113617686892,0.8714745225997469,9.983430705858148e-07,9.444949445957296e-07,2.7242733043305094e-08,9.752316087809367e-07,1.080267824624879e-06,0.041252092504698364,0.038748893005229254,0.001633931621273357,0.03638946041544391,0.04439600824137002,0.0,0.0,0.0,0.0,0.0,0.5742109336786823,0.5016814710598264,0.020637412905097866,0.5380829103116587,0.6592583920100155,0.07869349958463999,0.06973610264746717,0.0025982229315014765,0.07437510850370448,0.08855704004300893,0.012253676224192262,0.011676831639372368,0.0006370372682504095,0.010287201752523234,0.01322833104780412,0.0,0.0,0.0,0.0,0.0,0.007292697830570542,0.006594939232889645,0.00021943936530754106,0.006789102524225608,0.008019134589731712,0.0007869053026527585,0.0007026139468663999,1.765395478550957e-05,0.0007483243567808044,0.0008452190664678601,0.0,0.0,0.0,0.0,0.0,0.035442492524714216,0.030003649100010955,0.0016331039206308824,0.0323896026316435,0.041495925928922234,0.01486620915112643,0.01343192425017692,0.00042768003346997733,0.014061435332036302,0.0163603952922202,0.0,0.0,0.0,0.0,0.0,0.0,0.0,0.0,0.0,0.0,-0.031110865270147926,-0.031110865270147926,0.0,-0.031110865270147926,-0.031110865270147926,2019
13,Kansas,1.0430945468582724,0.8709121304741141,0.0894703698486448,0.47865305252877466,0.32799841560289467,0.025457993774420033,0.36995741200190874,0.4133468708311238,0.8300025002827108,1.2327959695026405,1.1168270938037224,0.9446446962700691,0.08947038852457985,0.9037350241947572,1.3065285455022473,0.0798292973488995,0.0742980261172619,0.006484576465575274,0.06337708861311876,0.0902672492459397,0.3335175734822243,0.2537003894856328,0.018973417308844758,0.30658032338879,0.38838580328283495,0.0,0.0,0.0,0.0,0.0,0.5736086201915126,0.49177325947445577,0.05111279148993323,0.43990315396839597,0.6735598952001334,0.047023953675437734,0.04603809520712241,0.006349654259386526,0.0316357959409448,0.056167405854693604,0.005444928801684217,0.0036650582438113705,0.0009848501040517956,0.0035920190527549416,0.008278263495606893,0.0,0.0,0.0,0.0,0.0,0.0222327761796796,0.020815389381436275,0.002255050361758687,0.0164063355797552,0.02544397973775418,0.0017276075273838796,0.002238902238430862,0.000661705329499812,-5.7774153371413e-05,0.0022937962271723064,0.0,0.0,0.0,0.0,0.0,0.024610477119753647,0.02529677650266369,0.003976461320110542,0.0141911463863751,0.02890612759479379,0.025686126826788485,0.023954503608003063,0.0029017143448790837,0.017966234039819177,0.029737802572062,0.0,0.0,0.0,0.0,0.0,0.0031457525818461302,0.002864324551466106,0.00033117594215517545,0.0022647285393250045,0.003642542440641501,-0.0737324793216529,-0.0737324793216529,1.3877787807814457e-17,-0.0737324793216529,-0.0737324793216529,2019
14,Kentucky,0.8842109316994176,0.6176298189092432,0.05986984919048517,0.17486350963783182,0.09606259462055693,0.010863726118598488,0.12405853750909113,0.1487680983751151,0.7867138239732324,1.0677388416515314,0.9080599269558013,0.6414787622055597,0.05986986812952112,0.8105628149913772,1.0915878986976917,0.00726532027876523,0.0050823256412884715,0.0004203960554126346,0.006333524714463734,0.00835452104475295,0.14150277809634987,0.09098026897926846,0.010443330063185853,0.1177250127946274,0.16650898859307886,0.16469807295422106,0.10513682053403187,0.0125353925616617,0.1368856630256446,0.19540921456957325,0.2096626940525238,0.1497792642535252,0.0121280630737253,0.18507232074548757,0.24627581386726755,0.17774897205558052,0.1175121599729138,0.014392426539903096,0.15425474902167047,0.2211198821534908,0.005254609747874973,0.003814207370981926,0.00022661210190298668,0.004731827924570068,0.005791317812566685,3.39401871060939e-08,2.5167443720004808e-08,2.537156860903501e-09,2.9937984068425e-08,4.408090053813129e-08,0.03168156550331251,0.022183430279434514,0.002211355508031176,0.027575570481464758,0.03890651536924533,0.0008309296278332751,0.0005756304934028679,5.945856941270577e-05,0.0007126138874066914,0.0009956152198228297,0.08134809049754188,0.0819878275512948,0.019326670860723944,0.036025163394133336,0.10422782143318148,0.06540066832086545,0.048367383450518275,0.004240888531336976,0.05878615728621772,0.0797530369309897,0.012466131604225864,0.008689804981741118,0.0007952725724392963,0.0108406175954207,0.014851058004347202,0.0,0.0,0.0,0.0,0.0,0.010200090910478505,0.007369657621298271,0.0005799166882571485,0.009137478161674588,0.012195967256983742,-0.02384874051027769,-0.02384874051027769,3.469446951953614e-18,-0.02384874051027769,-0.02384874051027769,2019
15,Louisiana,2.2607595356797017,1.3242345781317875,0.16926949648103035,0.9863750226447914,0.45407052212517846,0.06483411694131369,0.6814208775372214,0.8279248498117187,1.896547157608753,2.686215617816316,2.2843373651388887,1.3478121701328556,0.16926951617948782,1.9201249204856103,2.7097935784409644,0.051930503187788746,0.03128253067687085,0.004374814166980506,0.04274462678896356,0.06708863481401967,0.7759943466239299,0.4227879914483076,0.06045930277433319,0.6386762507482578,0.9192863878307718,0.002979363843266197,0.0005358768511154269,0.001072571442803055,0.000966189824867227,0.004777567484758155,0.08916578875130614,0.05738758268274997,0.006142201224331848,0.07649118798577231,0.10477424390933934,0.22009295317202604,0.14557640573129416,0.009933987587433022,0.18873327652760621,0.2327487577482218,0.10769933964539781,0.07215813428951402,0.012703388434401146,0.07398991097929032,0.1284069652909269,0.13604547601200942,0.08580217641129366,0.015411807199589657,0.10811233678003677,0.1994053480969872,0.05780090737065996,0.03277918001692356,0.006265017197088324,0.04534867689584031,0.07383528782711617,0.009169529619842959,0.005627230400557895,0.0009317229020080396,0.007324926708495582,0.011387933175434994,0.032357604082682526,0.03771498377589528,0.012049334855727978,0.0024663072351709817,0.04691161798655274,0.7745222279223268,0.43805098329210324,0.08955260202506116,0.5988499856981166,0.9555144878855379,0.010677007511133315,0.007202577242337315,0.0006726044177944057,0.00925983809452506,0.012228785015833606,0.0,0.0,0.0,0.0,0.0,0.01590266153830535,0.010906775308949975,0.001029352676404277,0.013552103119248083,0.0181164082004357,-0.02357743430847805,-0.023577434308478053,0.0,-0.023577434308478053,-0.023577434308478053,2019
16,Maine,0.19167952358833196,0.5430423383493728,0.19322817994986094,0.005887902036050997,0.006755277301343525,0.0017846997836852738,-0.0007286109526970279,0.003721877683850092,-0.2597703342342924,0.43960378759263874,0.21236782538028,0.5637306642156341,0.19322819777278827,-0.23908207976807597,0.46029210676189886,7.498828390410164e-06,1.0728022818250395e-05,1.3750956852202511e-06,4.46840723254306e-06,9.644081005748322e-06,0.003714378855459682,0.006744549278525275,0.0017833246880000536,-0.0007330793599295709,0.005878257955045248,0.0,0.0,0.0,0.0,0.0,0.005340983215401453,0.012470939989444086,0.004026583009680989,-0.004234170647038461,0.010406665459000014,0.009536065518662769,0.020862614392600842,0.005837063811241496,-0.0032065399597522725,0.017386213462522886,0.0007156514153938472,0.001762740272085696,0.0006043066892141086,-0.0007135893422567144,0.0014639903686583414,0.0,0.0,0.0,0.0,0.0,0.004100275290648686,0.009843286496991344,0.0034401752581788587,-0.00427070151655978,0.008238516113461637,8.996625054024705e-06,4.35753290151628e-05,2.1282032787912743e-05,-4.249787327098377e-05,3.4084333239301483e-05,0.02613480370025124,0.08793342376399721,0.03434873664988014,-0.0534494323383722,0.0699185682606064,0.16066385097120406,0.41855159409898524,0.14131870189661747,-0.1701116267403758,0.3424275211907179,0.002145289192906566,0.005507110936057259,0.0018833558983002907,-0.0023248501380933174,0.00452856380457118,0.0,0.0,0.0,0.0,0.0,0.0,0.0,0.0,0.0,0.0,-0.02068830079423497,-0.020688300794234966,0.0,-0.020688300794234966,-0.020688300794234966,2019
17,Maryland,0.09958235016297465,0.13541646861567308,0.03351139843124409,0.016566659175160318,0.017063822305903777,0.0037713856540054426,0.0029541190227111353,0.01282393640681536,0.008892152405560329,0.1309673927884945,0.1035455073738582,0.13937960893964224,0.033511381585828316,0.012855358660137005,0.1349305358945536,0.0,0.0,0.0,0.0,0.0,0.01282393640681536,0.017063822305903777,0.0037713856540054426,0.0029541190227111353,0.016566659175160318,0.0,0.0,0.0,0.0,0.0,0.011125893354514122,0.01313897810383776,0.0018549462391220643,0.006476340095653757,0.0129898445515269,0.025031936997525577,0.03512925570087637,0.00949128088389599,-0.000771813590707276,0.033849147572630106,0.004016432514359153,0.006203921341131983,0.002065803043381118,-0.0016310633342247185,0.005928447821981051,0.0,0.0,0.0,0.0,0.0,0.003911164226625356,0.005303923005550961,0.0012681259156847695,0.0005560249706447226,0.0051410674769473514,8.451461219506592e-05,0.00011713671739312442,3.07720599057078e-05,9.274812203615545e-08,0.00011277112425390158,0.000173325580632253,0.00018767117558587935,1.0056494719882507e-05,0.00015527749954715212,0.00018785660311002093,0.04569880156113948,0.06131466771475633,0.014805379878010245,0.0050562088207925975,0.05926592842122908,0.0006795073377614257,0.00092023507583841,0.00022842845104434955,5.4622815507759344e-05,0.0008897217651974675,0.0,0.0,0.0,0.0,0.0,0.0,0.0,0.0,0.0,0.0,-0.003963198124230356,-0.003963198124230356,0.0,-0.003963198124230356,-0.003963198124230356,2019
18,Massachusetts,0.13144401679564024,0.13575812857077943,0.0030219178206082192,0.024072315738438602,0.02461767684901122,0.001342590506560878,0.019012166076726688,0.022485512876422347,0.12663032964596546,0.1398069544877205,0.1352875127297774,0.13960161481226566,0.0030219138959017987,0.13047383383732603,0.14365045165631202,0.0,0.0,0.0,0.0,0.0,0.022485512876422347,0.02461767684901122,0.001342590506560878,0.019012166076726688,0.024072315738438602,0.0,0.0,0.0,0.0,0.0,0.004963812256397024,0.004756679264995937,0.00022642998751402682,0.004729059213279235,0.005528671713418579,0.023304336350059192,0.023894366722882962,0.0005130609679732717,0.02229267837225633,0.024825740144686262,0.0044149180047041965,0.004735825441468195,0.00020122130471641683,0.0039220399063994715,0.004702410514344784,0.0,0.0,0.0,0.0,0.0,0.007206463869370557,0.007767738941759496,0.0003529513463487601,0.006318562503603238,0.007682003260170833,9.90801908785402e-05,9.996775115402586e-05,1.8283403893078933e-06,9.644837405446456e-05,0.00010610696458668772,0.0005883012832123027,0.0006402858758859203,2.6530412363915365e-05,0.000522931912314507,0.000622589692589096,0.07126758387201183,0.07212558715595015,0.0013476688659166548,0.0692816010383221,0.07589852979829315,0.0009575051587924831,0.0009634960757113379,1.3672330079565013e-05,0.0009382323177744858,0.0010100185714885127,0.0,0.0,0.0,0.0,0.0,0.0,0.0,0.0,0.0,0.0,-0.0038435353707888366,-0.003843535370788837,4.336808689942018e-19,-0.003843535370788837,-0.003843535370788837,2019
19,Michigan,1.523555260390043,1.2733636705035458,0.09814931124083683,0.17806685490869253,0.12896987277122546,0.009489771458066803,0.1265394883506978,0.1510145627590101,1.341132984035582,1.8404728237977221,1.5442363545145605,1.2940447167575622,0.0981493154415169,1.361814051621708,1.861153868903971,0.008196405860927321,0.006723483358547495,0.0003874317356461043,0.007468930959862106,0.009020907528186706,0.14281815689808278,0.12224638941267796,0.009102339722420699,0.11907055739083569,0.16904594738050582,0.0,0.0,0.0,0.0,0.0,0.2855541474405767,0.19351057929424675,0.03238173786023062,0.22445423453253402,0.38849722066486586,0.26420974172075185,0.2008967898345179,0.015900446464413905,0.23004160648308486,0.3202713694389961,0.04113343881720292,0.03361249580796797,0.002964237875932897,0.03622298090577114,0.05030314558379271,0.0,0.0,0.0,0.0,0.0,0.036392244952591496,0.028252571741239747,0.001851566546321074,0.03202248436964396,0.040780049678104724,0.0017759466153552115,0.0020128888286341127,0.00022643175208827065,0.0011121240689093944,0.0019886460125053307,0.01035037117335825,0.01044597142775361,0.0003566011474161888,0.009241528486818511,0.010958716804536434,0.7386884230126729,0.6841014182795561,0.04179940987182496,0.6714504258917098,0.8933152668395136,0.012979546312597633,0.010637421293870122,0.0008605735362753845,0.011371982206515875,0.015738389470707246,0.0,0.0,0.0,0.0,0.0,0.002137831408082863,0.0016046817230401717,0.00016937729446303478,0.0018086256754984446,0.0026591098515436635,-0.02068103299911147,-0.020681032999111473,3.469446951953614e-18,-0.020681032999111473,-0.020681032999111473,2019
20,Minnesota,1.0965430783202912,1.231811779892616,0.10424361012855923,0.03390435567669373,0.03265869244096709,0.003084888204594348,0.02102894810971292,0.028788872774557363,0.885429784852337,1.3168267715671815,1.14461003759565,1.279878776216566,0.10424361735623638,0.9334967296531501,1.364893730362373,0.0003117666435863015,0.00041789629162634266,7.41046113556661e-05,9.746015808275518e-05,0.0003883131365893762,0.028477106130971062,0.03224079614934075,0.003010783593238682,0.020931487951630166,0.03351604254010436,0.0,0.0,0.0,0.0,0.0,0.3962105129518001,0.34189475252691987,0.034523403879546125,0.3427700885043078,0.5053035165516985,0.04889167640632476,0.057097686431096584,0.006886734240037538,0.029969874926476184,0.05824993990686125,0.004816017918301448,0.005259723438338419,0.00044776400959234956,0.003729077075474101,0.005708543054281879,0.0005217812861640633,0.0005652540518299472,4.7434324120868105e-05,0.00042677524792504335,0.000632384203416486,0.013430644008834109,0.014971380985583168,0.0013244844258494515,0.010117220974460828,0.015775314672718754,0.0013648921038970105,0.0015978765219610816,0.00016443475349504742,0.000938487106021344,0.0016068079501903268,0.004972303498202422,0.007814315063178688,0.0015767845793621007,0.0007774484168310053,0.00691814967504639,0.6276213280071368,0.7988773991388378,0.07291542586609692,0.47313531203717224,0.7271143038710715,0.01799189273268337,0.019141594550673362,0.0015355469234998973,0.01513079725635701,0.021711587500771252,0.0,0.0,0.0,0.0,0.0,0.0,0.0,0.0,0.0,0.0,-0.048066882946570945,-0.048066882946570945,0.0,-0.048066882946570945,-0.048066882946570945,2019
21,Mississippi,0.7695769125332089,0.5719218820166094,0.06525422605547922,0.1298248111062008,0.09198610307924232,0.007317963501156802,0.09487534408012638,0.10838060832444858,0.6557598318955964,0.9835041327406658,0.8014244411121705,0.6037693690854742,0.0652542487267931,0.6876073269763513,1.0153517257264475,0.004351252187213953,0.003609289754491475,0.0003885953840938312,0.0038777645306093734,0.005668694707174426,0.10402935613723463,0.08837681332475085,0.006929368117062971,0.09099757954951701,0.12415611639902639,0.0036171802849699532,0.002896852963431014,0.00025968634106306865,0.0032194521969561058,0.004235131559433743,0.10339811967929893,0.08029919704480303,0.007582891712437069,0.0899716287173811,0.12724186895559753,0.06602504184162285,0.053275374543058585,0.0023168693973557764,0.06045326178560815,0.07321449821455636,0.010821641114711025,0.009576864898522145,0.0004284225649324275,0.009954827598634527,0.012109936996137445,0.03507854623709657,0.019770531102045876,0.006053153746597063,0.024981966712673973,0.059580904687894135,0.0071294640172596775,0.004956087753141152,0.0008296522827772307,0.005725223381453818,0.009639540029351027,0.005261565751827132,0.003358735693986863,0.0007029714177528628,0.0040092478035819576,0.007283055119844228,0.0,0.0,0.0,0.0,0.0,0.4476530623586857,0.32784943402816863,0.041582240086987035,0.37563579993877244,0.5735933349267412,0.011716400650491832,0.007969759324182828,0.0014973952850744032,0.009215857764094995,0.016096651939118113,0.0,0.0,0.0,0.0,0.0,0.0023428744078429946,0.001830485867675203,0.0001700886299241381,0.0020394586879953617,0.0029290362833582677,-0.031847501357959385,-0.031847501357959385,0.0,-0.031847501357959385,-0.031847501357959385,2019
22,Missouri,0.8780939341789626,0.7191247432581397,0.041915505362592316,0.049102195592479275,0.027651005790631983,0.003343704106278388,0.03312940762065921,0.03809443606323679,0.8129273016106813,1.0098681217589958,0.921039735804101,0.7620705211803861,0.04191550810405588,0.8558731133458286,1.052813940585162,0.000984618339938868,0.0005935597087085777,0.0001787965901101349,0.0007514505413242357,0.001587882213096887,0.037109817723297925,0.027057446081923404,0.003164907516168253,0.032377957079334975,0.04751431337938239,0.00029999276118739947,0.0002851674800959695,1.9059875937482204e-05,0.0002422978914381285,0.000323728288544212,0.39079859860644994,0.3385731188378606,0.01752653030588577,0.35131723145484617,0.44520965617114255,0.08317595016824529,0.06436680089556195,0.005842364776863131,0.0749015810836459,0.10592751547149978,0.13510636263788206,0.1065254772684913,0.010245236129260349,0.11367317940752804,0.1621017796921864,0.049894426817552046,0.03734150269646129,0.0027420971087602224,0.04495995256216821,0.05771497339479166,0.01685513884916646,0.012901018903911418,0.0011563206306820421,0.015100291850030348,0.020972009543778893,0.006382795697631165,0.005566744468121298,0.0003838587938038651,0.005250331889106906,0.007022847849161638,0.0810949378218344,0.06990082510597374,0.003294318299186702,0.0759336479660131,0.09174633104472169,0.09447822112014481,0.078195771804573,0.0036229010882566485,0.08914010982110702,0.10637220532158374,0.022435511565071044,0.018911257444007963,0.0011024735062658939,0.020024211998683306,0.02595811934788031,0.0,0.0,0.0,0.0,0.0,0.0024232137799457786,0.0018516881870013506,0.0001632140732169224,0.0021812354601122574,0.003097981565555536,-0.04294571139732786,-0.04294571139732786,6.938893903907228e-18,-0.04294571139732786,-0.04294571139732786,2019
23,Montana,0.2993256583709895,0.456817204114228,0.07512721441449699,0.06429347248543443,0.06812434078563391,0.003397629333770116,0.05185097891313889,0.057590586835776884,0.11495580200476546,0.3956949499284442,0.4211835527779165,0.5786751114390815,0.07512722944047838,0.2368136472502011,0.5175528538779531,0.006235086862286306,0.007427700129253819,0.00032020736036851593,0.005724208257047658,0.006781715971513447,0.05135549997349058,0.060696640656380085,0.0030774219734015997,0.046126770656091234,0.05751175651392099,0.012814462896729533,0.020643495286261793,0.005045028285311761,-0.0019214545124308497,0.01804764431774853,0.1775865440474726,0.22920288624714175,0.026601457447019052,0.11081002198744806,0.2095018152784727,0.010053278242199043,0.01452053687625808,0.002249954025708082,0.004712172548722201,0.012977449065747966,0.0009608990238970278,0.0013915953075467379,0.00022283190682422633,0.00041595530435851276,0.0012456524581251145,0.0,0.0,0.0,0.0,0.0,0.005179296703617662,0.0071203634541568165,0.0009804622514460865,0.0027705566811356726,0.006437139750731701,0.0014864532327318347,0.0018572927066222511,0.00030825468537050237,0.0008088315418993588,0.0025473063212354493,0.06105446492938782,0.11422185989723681,0.024490688336027203,0.0001156763153024539,0.0945910845893535,0.0560396862739692,0.07426582520790498,0.0091418550018719,0.03368042494194062,0.06751232601782751,0.02897209306605618,0.03523601199961268,0.003299262585599736,0.02131578751720261,0.0354426882761604,0.0,0.0,0.0,0.0,0.0,0.009445795094627698,0.01209095860431255,0.0011481510375306715,0.006953774585849855,0.011001345732086743,-0.12185788184651389,-0.1218578818465139,2.7755575615628914e-17,-0.1218578818465139,-0.1218578818465139,2019
24,Nebraska,0.7292540485716059,0.6404171732561909,0.06352159741398354,0.04323993021705372,0.03671024130338446,0.002500883763684566,0.03259929134660951,0.037333795300458286,0.6539410733378982,0.9364447245585867,0.7952064087451705,0.7063695128856472,0.06352160980541477,0.7198934252876579,1.0023971125934272,0.004043029880415999,0.004270985044804338,0.00033889797285151333,0.0032298042790424924,0.004732984153685111,0.033290765420042286,0.03243925625858012,0.0021619857908330526,0.029369487067567018,0.03850694606336861,0.0,0.0,0.0,0.0,0.0,0.6187579650534483,0.5380015989851498,0.05061208927860594,0.5620408394370907,0.7848996496153405,0.05122959542028895,0.04650747961449408,0.00332553330661879,0.0460553070836171,0.0608308174086948,0.007662577859406022,0.007305829534559564,0.0005281489756482934,0.006549528478509205,0.008838730108998813,0.0,0.0,0.0,0.0,0.0,0.005799464905761739,0.005808040365828322,0.0005102673097351678,0.004627654633881098,0.006958324161226208,0.00033810592133780477,0.0003059770441999509,2.0997210631185442e-05,0.00030314279056508394,0.00040991064086175633,0.007676401341728686,0.011217802402063432,0.0025525709289945992,0.0012195232970536444,0.010317595687171015,0.04519389213263639,0.04062101230277509,0.004429325842045019,0.039800095303845054,0.06049373662633064,0.021057560777254646,0.01967408782075165,0.00172170379580277,0.018183852792517767,0.0266539861220158,0.0,0.0,0.0,0.0,0.0,0.00015708164880770832,0.00021749038593259521,4.2007230311866874e-05,4.898991639784845e-05,0.00020257532236806345,-0.06595224696444921,-0.06595224696444921,0.0,-0.06595224696444921,-0.06595224696444921,2019
25,Nevada,-0.01653820814501967,0.11429225139452909,0.040959886691174494,0.01328310931925226,0.016590533746623684,0.004971046270016035,-0.0050691337820965715,0.00728804975285958,-0.10584260846868628,0.055179580185428324,0.07537788073408568,0.20620835863033854,0.04095989026700741,-0.01392652490650826,0.14709567762990647,3.5192533602359494e-05,3.761499194018893e-05,1.2829334825287325e-06,3.2094652571707746e-05,3.6826470147994744e-05,0.007252857219257221,0.016552918754683496,0.004969763336533506,-0.005101228434668279,0.013246282849104264,0.0,0.0,0.0,0.0,0.0,0.03349196114945958,0.04546754298742349,0.008770013003381032,0.009167589914182575,0.04227750488687071,0.0048330718960298575,0.01687417952246827,0.006578302231034386,-0.011078371271836295,0.012787181613598942,0.0013039049400019958,0.003994436482543557,0.0012411917557043962,-0.0015791132106511585,0.002929300787816099,0.0,0.0,0.0,0.0,0.0,0.0014866048172671497,0.0035712584414656595,0.0010561250248320424,-0.0010514560258326167,0.0028026145192632072,0.0002991080317706214,0.00044264719842108014,0.00013447076237468875,-9.917601998108521e-05,0.00041227289013368376,0.003758203376793627,0.08880669429306456,0.020110243149056167,-0.02874718462973268,0.044331567041335965,0.0088097917168336,0.012874244884575288,0.0026440314070554707,0.0019432613880926949,0.01162751627884709,0.011855514294775247,0.014850159261042052,0.002189515424589908,0.005714645177759738,0.014030235661231115,0.0,0.0,0.0,0.0,0.0,0.0022516586882247794,0.0027362783223393947,0.0003860931073403107,0.0011411946283413825,0.002614187016752791,-0.09191609550465038,-0.09191609550465038,0.0,-0.09191609550465038,-0.09191609550465038,2019
26,New Hampshire,0.10923601799532605,0.15314433201330924,0.01865127549035252,0.0035500545128269215,0.003923556070584191,0.0005907260983669539,0.0013730666726365494,0.002775049685622205,0.07154486256150117,0.13711163228171147,0.11598904463929158,0.15989734955112758,0.018651270024198672,0.07829790401276275,0.143864651994105,5.512811139945604e-07,6.200253923365435e-07,5.867531571345907e-08,4.7647452752830275e-07,7.48585437448273e-07,0.0027744984045082106,0.003922936045191855,0.0005906674230512404,0.001372590198109021,0.0035493059273894734,0.0,0.0,0.0,0.0,0.0,0.0088918518019157,0.01096794574005606,0.0005629708743358121,0.007966136348795835,0.010009470360520287,0.015523728518693427,0.022866484337981854,0.0034474692213505016,0.008268990591890974,0.02026078000985961,0.002543226887179268,0.0031670565980150265,0.0002734425142005716,0.001965446704435381,0.002943318751283223,0.0,0.0,0.0,0.0,0.0,0.004821694319451996,0.0064780846390174625,0.0007402153305325542,0.003247418672673405,0.00587801756058311,2.5087253111087284e-05,3.351047470390434e-05,4.078585575903151e-06,1.5634139930500865e-05,3.069833066821895e-05,0.02075742775168947,0.025732592270926495,0.002097070058935867,0.016444269245639603,0.02383062702216317,0.05993088658953718,0.08565780120739737,0.010947643172679747,0.03759661248584414,0.0764222029537047,0.0007200883474762001,0.0010703344609385085,0.00014048013187535876,0.00046297074972720604,0.0009396683172585135,0.0,0.0,0.0,0.0,0.0,0.0,0.0,0.0,0.0,0.0,-0.00675304346192181,-0.00675304346192181,1.734723475976807e-18,-0.00675304346192181,-0.00675304346192181,2019
27,New Jersey,0.1612008366710513,0.19496095714408662,0.03377250101019081,0.018870558795188598,0.017678040103497224,0.0008194653345755772,0.015561099869456778,0.017269644456090263,0.06737739545217492,0.19047164407177156,0.16365430827796082,0.19741442589996758,0.0337724992270509,0.06983087189217425,0.1929251135498234,2.1589642604028403e-05,2.1067152534985812e-05,7.995422285912123e-07,2.0702077926007484e-05,2.3634822319610643e-05,0.017248054813486235,0.01765697295096224,0.000818665792346986,0.01554039779153077,0.01884692397286899,0.0,0.0,0.0,0.0,0.0,0.001962071374371064,0.002057714317663782,0.0001224059898950252,0.0016606348792312816,0.0021409654841964944,0.02789292810859008,0.03501867719124026,0.0070033402604787395,0.00846355369568409,0.034028067074375154,0.004794916209322953,0.004876057166652921,0.0001937289387842131,0.004440851606211598,0.005254383905330949,0.0,0.0,0.0,0.0,0.0,0.003457197734203815,0.0036568550396369774,0.00026135718798891034,0.0027991915648349686,0.0038257426099615787,0.0003180877150566052,0.0004447528481588047,0.000119756913765864,-1.3476365750874714e-05,0.0004255744311630117,0.0,0.0,0.0,0.0,0.0,0.1072271100164443,0.13284855746993293,0.025292363904471298,0.03642578249461817,0.1293141349863558,0.0007323545960338698,0.0008337768715586571,0.00010926952454330262,0.0004284144585576927,0.0008289145249395207,0.0,0.0,0.0,0.0,0.0,0.0,0.0,0.0,0.0,0.0,-0.0024534658151014153,-0.0024534658151014153,0.0,-0.0024534658151014153,-0.0024534658151014153,2019
28,New Mexico,1.438971685261777,0.7059616172789613,0.05304085474496645,1.3484130779212353,0.5179644395533113,0.06361239813743837,1.022986256203297,1.1749509005225773,1.2732623768103122,1.5930289995676286,1.5609945026692262,0.8279846782147208,0.053040873347933636,1.395285070059833,1.7150517055313927,0.3032423384424813,0.0959513109899263,0.025619884760447704,0.23958389320190862,0.36127019395671284,0.8717085620800961,0.42201312856338496,0.037992513376990666,0.7834023630013883,0.9871428839645224,0.031638742296890295,0.02348331869041257,0.0017043290202301417,0.026419007860886752,0.034697307332276654,0.20283881134416262,0.1795223756364124,0.029075290219496907,0.14474207698788277,0.2505604350935416,0.05944545254071802,0.04343283630794741,0.006344483668926368,0.049625985734087774,0.06973088224359576,0.005138371568792586,0.004105111303884155,0.00041329313869874787,0.004433973181881236,0.005814637853764782,0.0,0.0,0.0,0.0,0.0,0.01650731876249347,0.010349713416171868,0.0007893453759482898,0.013666313448647034,0.017588928279986638,0.0012073002974170063,0.0010718563207637664,5.1961531493790113e-05,0.0011076974531813802,0.0013024616439850688,0.023880614025606088,0.01078212287283333,0.0048786992588555865,0.01232131673750004,0.03352143602539345,0.010816758063364894,0.009649034955451658,0.0013841037835232788,0.007575907504596822,0.012765870104889174,0.025046503706832438,0.019900406109467188,0.0010487783901556183,0.02239143941599225,0.02673817653973669,0.0,0.0,0.0,0.0,0.0,0.009524008252912615,0.007723588024648259,0.0004876364456642066,0.00866179243804396,0.01100648720627991,-0.12202323747272587,-0.12202323747272585,1.3877787807814457e-17,-0.12202323747272585,-0.12202323747272585,2019
29,New York,1.1262115556584376,1.0231461470594778,0.05729604429483424,0.17120710093991506,0.14536199453351328,0.007067256897378217,0.13662642104506093,0.15220310036570953,1.0540152951283623,1.3272680735763362,1.1528848379622156,1.0498194377572072,0.05729604330669344,1.0806885726810116,1.3539413494327448,0.010851162594096426,0.010763274326367114,0.0006062594757849373,0.009175376831900773,0.011779462721738094,0.1413519377716131,0.13459872020714617,0.00646099742159328,0.12745104421316014,0.15942763821817696,3.1850438150386105e-06,2.7532651617246275e-06,1.602928269664728e-07,2.908768597444278e-06,3.4904252092902277e-06,0.28595828021976144,0.23539760911504795,0.021107990060343067,0.25054606905199217,0.3594833552672499,0.13099238325898063,0.11985027268572869,0.006910023972994623,0.11984792786919855,0.15299603919849114,0.020675531579687895,0.02101183928152873,0.0013783877990967606,0.01712638694425536,0.023344063101012932,0.0,0.0,0.0,0.0,0.0,0.04189347458448369,0.04068868237419211,0.0022634463573919083,0.03633371745952564,0.04731185724975827,0.0001947072667635076,0.00015970772262920412,1.9203583693793286e-05,0.0001677042132839462,0.0002662008387594088,0.027025619871027286,0.02725067250833404,0.0021759333439051636,0.02079655211949054,0.03084035948188369,0.47903909176697435,0.44684608997890607,0.022734640033098184,0.44121684160241326,0.5555618869574946,0.01113786486574395,0.010158523301305556,0.000508490101244372,0.010456512565796107,0.01295039445528033,0.0,0.0,0.0,0.0,0.0,0.0037616920585409968,0.003091410889471578,0.00028596466804399294,0.003302976613537875,0.004757889405681506,-0.02667327893382719,-0.026673278933827194,6.938893903907228e-18,-0.026673278933827194,-0.026673278933827194,2019
30,North Carolina,0.8117866076992082,0.832646924204958,0.04119239159358939,0.024992988220211027,0.02526624027106607,0.002223098278453956,0.016981238472268227,0.02160307494656122,0.7518330321550242,0.9346231440369851,0.8332897561511434,0.8541500310229639,0.041192373071006504,0.7733362202883334,0.9561262656465894,0.0,0.0,0.0,0.0,0.0,0.02160307494656122,0.02526624027106607,0.002223098278453956,0.016981238472268227,0.024992988220211027,0.0,0.0,0.0,0.0,0.0,0.21199910315554954,0.22586114375791008,0.009554032208438985,0.19690107211526575,0.23840103589714756,0.1379938265003207,0.18005313433406572,0.02694979897041437,0.07385777693106549,0.17105233608666984,0.014469725901709633,0.016537532202221702,0.00164612910935898,0.010139278459827459,0.016680587758613717,2.802792275075623e-13,3.100623542756916e-13,3.6928070142725865e-14,1.8385884232373486e-13,3.204604207975458e-13,0.010056948849725198,0.011170428221997541,0.0007989583873147756,0.008345050245305288,0.011475053831551849,0.0014428232482708574,0.0014902899843456192,6.054760600653061e-05,0.0013357315874474608,0.0016126785115636488,0.01970995836726559,0.02704179457533537,0.005042131376605406,0.007080042225579203,0.02542325093157934,0.4108470845460395,0.3609646353505689,0.025345886588658106,0.365805167895685,0.4790043154151306,0.005116989130483748,0.00571786839726273,0.00041504006999937645,0.004205243937279052,0.0058058703767556955,0.0,0.0,0.0,0.0,0.0,5.0413492023116626e-05,4.708507216526879e-05,2.2060191879866383e-06,4.724324474537217e-05,5.68443394297017e-05,-0.021503194165934724,-0.021503194165934728,0.0,-0.021503194165934728,-0.021503194165934728,2019
31,North Dakota,0.40511103164257395,0.5737229780759752,0.04839923930706136,0.1491532079425798,0.17539323744554536,0.022357295310555223,0.06283679033344475,0.11275825895777583,0.3179290413479554,0.49348452576888113,0.45763722320591427,0.6262490489871496,0.04839918612930126,0.3704553627023942,0.5460106378198735,0.06098700479762098,0.10139358486958348,0.014900022486694229,0.027689360970934218,0.08489684545327757,0.05177125416015486,0.07399965257596187,0.007457272823860994,0.03514742936251052,0.06425636248930225,0.0,0.0,0.0,0.0,0.0,0.13505908494878954,0.14693124342765435,0.00786307110098278,0.12683225391030387,0.1554547591363158,0.011478282473059244,0.0194145262086188,0.007075762406497639,-0.009811115033477393,0.017465819025045903,0.0011622713569847509,0.0017629150578092076,0.0004748221141155243,-0.0002448019270820909,0.0015962699408498698,5.792254681549658e-06,8.94654196863177e-06,2.672015203897076e-06,-2.0649701180607877e-06,8.177721429308489e-06,0.003304542561877799,0.004090273061298222,0.00027509362994009896,0.0025417113806723377,0.0037260605003823447,0.002146733354523742,0.002699203995350251,0.00028300997089719627,0.001368239333531012,0.00248948012046005,-0.003817652323436402,0.06095938119569414,0.030382104923241508,-0.06901764755530489,0.03956406986077313,0.17643597546015238,0.19359512861769512,0.011068415520320219,0.16571240227384185,0.20581870297756244,0.01808362351824642,0.020140152670380475,0.0009352294480681697,0.01712744164019609,0.020570177122933794,0.0,0.0,0.0,0.0,0.0,0.001020388610421596,0.001254039912795185,4.411033084758155e-05,0.000950012922264271,0.0011206652743846034,-0.05252623200004145,-0.05252623200004146,6.938893903907228e-18,-0.05252623200004146,-0.05252623200004146,2019
32,Ohio,1.5292769077231134,1.0229845402290065,0.14184020270722333,0.4382593410559084,0.28460268449688547,0.021613808117583632,0.33163641327961424,0.3722125175185868,1.2515820197773808,1.865923156182037,1.5519924395541576,1.0456999325730159,0.141840251143773,1.2742974463000112,1.888638745297745,0.05567954666783202,0.04769493894699277,0.001787675852409952,0.052282136021800575,0.061276260594741436,0.31653297085075477,0.2369077455498927,0.01982613226517368,0.27935427725781364,0.37698308046116696,0.24061595598600727,0.1986234706721063,0.011941006852057474,0.2146223344823256,0.26316683611452985,0.36101588852566546,0.17353563957968393,0.06629345501912486,0.2233350330134552,0.48057339769532487,0.3613888234272371,0.22164920881459077,0.03518597635702253,0.27859136113225397,0.43430012753591796,0.03135192474998053,0.01894921284393913,0.0035712290058570865,0.023880448184287324,0.04136607648474866,0.0,0.0,0.0,0.0,0.0,0.0798203392944538,0.055377434485088306,0.005725635809405435,0.06712125522188642,0.09547115658419643,0.0026912149550691123,0.002179804360468368,0.00017083905033250777,0.002190373097195147,0.002925310434985334,0.000740072799539901,0.0005016094898785422,0.0001045175029682167,0.0005952692848279336,0.0009953720418347468,0.08251810059361327,0.07964450646488457,0.01407056864129933,0.04462304918598939,0.10557897367975297,0.016440908405577003,0.008754255106399421,0.002459224373508436,0.01121586307139122,0.022226038341257977,0.0,0.0,0.0,0.0,0.0,0.0031965549572868825,0.0018820576084737375,0.0003872069408513024,0.002352175524605028,0.004089179039816057,-0.022715374335696255,-0.02271537433569626,0.0,-0.02271537433569626,-0.02271537433569626,2019
33,Oklahoma,2.428380508067492,1.3438887713141832,0.19315851696339562,1.5730345296368673,0.6013899065003744,0.13940356111525623,0.9551223079690807,1.2483723825601414,2.041921836233502,2.948916299522532,2.4985128930138916,1.414020906615727,0.19315861300436682,2.1120541079439836,3.019048928328429,0.179268236988954,0.08140815917747787,0.026798749896556055,0.12798906108945102,0.23999827133662527,1.0691041455711874,0.5199817473228965,0.11260481121870017,0.8271332468796297,1.333036258300242,0.032221012254956535,0.02969649235940358,0.007682333057712641,0.01652735941855291,0.04494775063791988,0.6068698687180392,0.3733152924624655,0.03267594935088147,0.5370710091460508,0.7015474457889203,0.17548465513576259,0.09560287708936584,0.013650556844579036,0.14702322441897975,0.21285520595612167,0.015433688964072725,0.010234692349820896,0.000832593786267535,0.013919115922698618,0.0184956676061219,0.0,0.0,0.0,0.0,0.0,0.0497071549819991,0.0306630673654181,0.0030518373130414304,0.04369830224328875,0.05838054977485358,0.0021685292925244983,0.0014961510073228,8.998066164367266e-05,0.0019874910638842426,0.0024190919207054394,0.20363433608465625,0.15961324669465557,0.015345369506528409,0.16726102844073756,0.2311099076907445,0.12512745578515483,0.08780848552221568,0.004311162448373351,0.11809090007692218,0.13976169222799142,0.030335596704699316,0.018049957302978033,0.001693053463427502,0.026507402074303323,0.03521983611236373,0.0,0.0,0.0,0.0,0.0,0.009158463653767736,0.0061509105341667645,0.0004386532536690245,0.008434694767117227,0.010511317359684384,-0.07013195871309937,-0.07013195871309937,0.0,-0.07013195871309937,-0.07013195871309937,2019
34,Oregon,0.15795025976937316,0.19118042890335532,0.018868478790489494,0.01056698092058554,0.011377033021394752,0.0007384914205648923,0.007896429743487511,0.009299906565628315,0.12658900195761474,0.2202106702413107,0.23210279772521894,0.26533297831827957,0.018868479734962335,0.20074153539746065,0.29436319134712674,0.0,0.0,0.0,0.0,0.0,0.009299906565628315,0.011377033021394752,0.0007384914205648923,0.007896429743487511,0.01056698092058554,0.0,0.0,0.0,0.0,0.0,0.10210362029634158,0.11092227849210429,0.007149149947252995,0.09227915569175574,0.1337796097510701,0.030675323106218358,0.03934714191081885,0.00345740654606804,0.023003405010002483,0.03570515320273965,0.002233964925611867,0.0028963447708673005,0.0002645475070666795,0.001642203304017405,0.0026281192249206792,0.0,0.0,0.0,0.0,0.0,0.006164356598783996,0.007851062976976943,0.0006311311290736778,0.004870405277910106,0.007131021718877338,0.004605496261828709,0.005022015732840238,0.00019842589764760331,0.004290621889994834,0.005238408097795784,0.018154763175434182,0.027972745192774293,0.004965985644328293,0.005759732173507509,0.02460169081007308,0.03645151087077943,0.03874499308268588,0.0027664531533955535,0.03297416588810884,0.0498428684770793,0.013923294924043624,0.013831313046642353,0.0011455113088787304,0.01267565050829764,0.019632442203864453,0.0,0.0,0.0,0.0,0.0,0.008490599546128198,0.007368094587249832,0.0016499153082399967,0.007014844562405354,0.01754586632139562,-0.07415253189916836,-0.07415253189916836,1.3877787807814457e-17,-0.07415253189916836,-0.07415253189916836,2019
35,Pennsylvania,1.62386182958552,1.2555093415223415,0.12754122095881434,0.8023830304394962,0.4626177532742548,0.0627420265843828,0.5071325235112082,0.6187761251945698,1.4221273490171153,2.0173387759347183,1.6515392378980025,1.2831867689753733,0.12754122881105812,1.4498047292595826,2.0450162578345137,0.03128164362898312,0.03464633648297931,0.004805504665479662,0.018608137433873052,0.03620500155809522,0.5874944815655867,0.4279714167912755,0.05793652191890313,0.48852438607733517,0.766178028881401,0.3382083730302903,0.30208971863894163,0.022587014072044692,0.295558933230374,0.38337467001382325,0.2871020819556094,0.19622350817588788,0.03496758687284357,0.22537774552006445,0.38390272729125885,0.17273755026220658,0.12849062069005765,0.0168637153274123,0.1432181119379888,0.21586238013811643,0.019288311113533095,0.014415730930534519,0.0019329092171628723,0.01594153846024717,0.024086298910121387,0.0,0.0,0.0,0.0,0.0,0.08364896482375729,0.07570322353885094,0.005899631409099906,0.07202996382722636,0.099529986213695,0.001059733321694007,0.0006957188379874044,0.0001544391933821516,0.000792325322538088,0.0014647216035589162,0.002196459639179732,0.002500119523892324,0.0003929601789321858,0.001121447195055558,0.0025502756170295497,0.1175848052842048,0.09235812190218076,0.009059435062316375,0.1010874051329683,0.14060591210168408,0.009670723159803458,0.007082716337490308,0.0009537946492390067,0.008008010752275857,0.012394073182935937,0.0,0.0,0.0,0.0,0.0,0.0012664708168935244,0.001009848354454139,9.39780186437842e-05,0.0011205494460932413,0.0015617356874258726,-0.02767772577449349,-0.027677725774493494,3.469446951953614e-18,-0.027677725774493494,-0.027677725774493494,2019
36,Rhode Island,0.019316666411342883,0.02022782698000732,0.0004998310892240314,0.00286964961902278,0.0029027276477858253,0.0001224113754770734,0.0024040006757240838,0.0027045462892100387,0.018424835991449423,0.02032249471245055,0.019358919474243053,0.02027008052719577,0.0004998312570209573,0.018467088655110073,0.020364747687546748,0.0,0.0,0.0,0.0,0.0,0.0027045462892100387,0.0029027276477858253,0.0001224113754770734,0.0024040006757240838,0.00286964961902278,0.0,0.0,0.0,0.0,0.0,0.0018296252596295454,0.0017549279811597234,0.00012120598658940033,0.0017361569299852858,0.0021932491349479738,0.004117921026305688,0.004573817594818761,0.00031436048362378367,0.003263620638222135,0.004445196744160454,0.0004687159862942824,0.0004959672013007984,1.5625639751726455e-05,0.00043584741267662784,0.0004950535876640267,0.0,0.0,0.0,0.0,0.0,0.0009912726853630535,0.0010434356103797785,2.920725950498747e-05,0.0009353140560131649,0.0010445311518303734,4.132931411214633e-06,3.9207984748836984e-06,3.0844258593260184e-07,3.895106256256345e-06,5.06268218371215e-06,0.0,0.0,0.0,0.0,0.0,0.009162572921148854,0.00941394904873937,0.00016640451910157164,0.008885238446324505,0.009563538991697257,8.011746933290727e-05,8.131677864914709e-05,1.2884396552998336e-06,7.834024604526043e-05,8.283266677953951e-05,0.0,0.0,0.0,0.0,0.0,0.0,0.0,0.0,0.0,0.0,-4.2257416524148125e-05,-4.225741652414814e-05,0.0,-4.225741652414814e-05,-4.225741652414814e-05,2019
37,South Carolina,0.5180464763928387,0.681868004526937,0.0936768422423387,0.02732861134852363,0.02886194612226364,0.003962961301711562,0.013080325662519892,0.022462175313001993,0.3056564020356024,0.6372010376488763,0.5436713905079558,0.7074928920429252,0.09367683718532151,0.3312813196962304,0.6628259375427585,0.0,0.0,0.0,0.0,0.0,0.022462175313001993,0.02886194612226364,0.003962961301711562,0.013080325662519892,0.02732861134852363,0.0,0.0,0.0,0.0,0.0,0.04437232865444639,0.05546697987595063,0.006849147190772592,0.030266472664369534,0.05309560017675386,0.081562008727471,0.108341166705344,0.016178285306151927,0.04364369333576658,0.10172714858585628,0.007819783933040286,0.009895794600560639,0.0012188381378256147,0.0050297090064153754,0.00936875567504225,0.0,0.0,0.0,0.0,0.0,0.00778243813744841,0.010168269373407703,0.0014504225808940863,0.004333753571917319,0.009563448864824737,0.0021006628878888494,0.002651572530731778,0.0003258776480545235,0.0013471953564086869,0.002500195331598086,0.06279286756025153,0.10115097317335964,0.02769538287507807,-0.008750576637281649,0.09260593628266514,0.3091999335173411,0.38392955500211495,0.03581536650682267,0.2385465874456436,0.3605668220698023,0.005579103103175458,0.0070264892597075215,0.0008307960865015019,0.00378420098154288,0.006640060123490885,0.0,0.0,0.0,0.0,0.0,0.0,0.0,0.0,0.0,0.0,-0.025624988658055813,-0.025624988658055813,3.469446951953614e-18,-0.025624988658055813,-0.025624988658055813,2019
38,South Dakota,0.7153119356186558,0.6360314167175943,0.05418243745973852,0.009827735397537615,0.006628886267934721,0.0008042088219870036,0.006923928580076856,0.008238460999279442,0.617394298736486,0.8750054756742387,0.779684336951545,0.7004037292464402,0.05418244003860093,0.6817666844687362,0.939377860092059,0.0002822014688531185,0.0002607354114182961,6.176834882109187e-05,0.00023394388879599274,0.0004644349878673482,0.007956259530426323,0.006368150856516425,0.0007424404731659118,0.006689984691280863,0.009363300409670266,0.0,0.0,0.0,0.0,0.0,0.4195777184938566,0.3555557591894997,0.030136621035548497,0.36483665577456453,0.4988387082898877,0.01891214080288166,0.01585831932302797,0.0012333779035827138,0.016672268246067507,0.021406878483040025,0.004369608911869384,0.003353436858505734,0.0003370740126211732,0.0036862465284241133,0.005474592065243674,4.466135022045854e-06,3.827906238752616e-06,2.6604901778773663e-07,3.956749717003373e-06,5.081840547293293e-06,0.003834512864654375,0.00310632861157947,0.00033159474871905474,0.0032432517174141606,0.004637332580463075,0.00010536760567438396,8.478964696853517e-05,8.927068989201517e-06,8.911823185752939e-05,0.00013159551258969183,0.10770834321290898,0.1395671340993591,0.020395033993398086,0.06072474637063327,0.14843307426387997,0.19403446621091347,0.1551389985423688,0.017745528631644948,0.16159396438304194,0.24067106949871886,0.022106851679142163,0.020177612685406302,0.0013071811016075407,0.019846976743442424,0.02560082815245648,0.0,0.0,0.0,0.0,0.0,0.0007922897940850069,0.000928564979451781,4.970390337230221e-05,0.0006558640769843791,0.0008616302560788567,-0.06437243542593118,-0.06437243542593118,1.3877787807814457e-17,-0.06437243542593118,-0.06437243542593118,2019
39,Tennessee,0.8535027846675294,0.5858408937126125,0.0847406294376705,0.10634782028784022,0.05861241618919154,0.007207123470305413,0.07017676252864066,0.08248332605006393,0.7103789332134827,1.1069951669037532,0.8830582987369437,0.6153964028841968,0.08474063006618317,0.7399344425183635,1.1365506906390228,0.0009145911978498388,0.0006679508249484784,5.649854432425973e-05,0.0007671119834306735,0.0010747571899490155,0.0815687348522141,0.05794446536424306,0.007150624925981153,0.06940965054520999,0.10527306309789121,0.0023371745256352346,0.001848115657804209,0.00011350265647579847,0.0021180418384843407,0.002738922429430068,0.20168399744868712,0.13325545577791537,0.026795360320107087,0.15902436951003585,0.2845501106615518,0.1893108623029095,0.12586234007594618,0.018828346731816027,0.1552407539328835,0.24296937051740627,0.02114953727911163,0.014089268100397017,0.0022555507505131562,0.017230010111809375,0.028078260239505316,0.025997907909519908,0.010472610511207108,0.005982895338615241,0.015680524870684814,0.043032992299221966,0.019447712332350972,0.012380860930015431,0.0024961769268213164,0.015281057738933821,0.027659781293120897,0.002623432356013575,0.001581130696178064,0.00036794984463480693,0.001995672010715675,0.0037136306982248077,0.19888827054085903,0.15979671185266597,0.011430801191732908,0.17736755047515332,0.23201760190289383,0.11973364391071362,0.08378011826279133,0.010915791800617145,0.10052346142981494,0.1520957950931837,0.0147077983641786,0.010324163735358115,0.0015092012125872871,0.012214668059076395,0.019421967360343687,0.0,0.0,0.0,0.0,0.0,0.004694643385933431,0.003393186159890456,0.0004745572430486096,0.003935965554177455,0.006280410866544875,-0.029555485011335085,-0.029555485011335092,0.0,-0.029555485011335092,-0.029555485011335092,2019
40,Texas,8.079603766642325,3.7696495670753642,0.6188016186022318,5.883317187575852,1.9601926681278259,0.49479375870565934,3.7137108058791304,4.9418600855625385,6.585285391084923,9.534140380336616,8.342440948064354,4.032486028882595,0.6188018706854332,6.8481220134232315,9.796977791577069,1.815749459274452,0.5559154941804265,0.23500466196648287,1.2351998692340038,2.2361220524100647,3.126110626288086,1.4042771739473994,0.25978909673917644,2.4785109366451263,3.6471951351657865,0.017196328377357555,0.008574570598950837,0.0019062334668640273,0.013408713280576986,0.023800188640237616,1.573365912713451,0.9236427057179042,0.09380965049693563,1.4009373324651135,1.8772802529679518,0.7412455471155578,0.45127478464129445,0.03108447682519991,0.6877088642238288,0.8438619902905606,0.08313078341068383,0.05290384070516085,0.004667465987462825,0.07645603239364201,0.09813915100706791,0.052729983036187575,0.03716459354727167,0.0028461486634224443,0.047654578680638826,0.0628457959507157,0.21484117236140687,0.1195251479604719,0.007333457873956245,0.19600837477443872,0.2375446803551316,0.0024919012024986046,0.0016656721612954813,6.705631934673531e-05,0.0023152313079517505,0.0026695103865182752,0.17186405329913068,0.11453047972630147,0.01194093250762725,0.1450553857852167,0.19636620160458615,0.36658266278183693,0.2683443818862852,0.013943163458492773,0.32941530767292265,0.3958967672866307,0.11688563864443062,0.062273124190349305,0.007155876192669924,0.1010210547933189,0.13952113209911315,0.0,0.0,0.0,0.0,0.0,0.06024585631079438,0.03239360431655932,0.004402149710917789,0.0494011946199093,0.07092636941180182,-0.2628362089672023,-0.2628362089672023,0.0,-0.2628362089672023,-0.2628362089672023,2019
41,Utah,0.5478927024992192,0.291106402660181,0.04523045552987008,0.3647333374056335,0.09651502913605045,0.04372598803056193,0.18959375250744176,0.28374540408194526,0.43031977516145214,0.6588712100410478,0.6193980313065499,0.36261164772749993,0.04523048135907176,0.5018250444477319,0.7303765743500414,0.08209176577882482,0.013921970334107159,0.025899252008631045,0.02944155966002679,0.1232949595162684,0.20165363830312044,0.08259305880194329,0.017826736021930883,0.16015219284741497,0.24143837788936512,0.07017139904596971,0.035128851750479737,0.008267539237647536,0.051173572700208655,0.08351277445954054,0.11740716804115536,0.08892132171178599,0.006597246504447893,0.10263815163235393,0.1357646198198857,0.03415547897011137,0.03630917124261428,0.003128754431227036,0.026759879719014164,0.03834936227131253,0.0030814291491331604,0.003266816299366451,0.000264666914139656,0.002461352281665348,0.0034039441061965553,0.0,0.0,0.0,0.0,0.0,0.006139578494095975,0.004723821828451831,0.0004196813511422407,0.005464389050712432,0.007631996369021338,0.0007871171510832873,0.0010332307763811202,0.0003195230093159138,-0.00015203688048076626,0.0010069728712240962,0.03137302271233999,0.037314439843707664,0.001678471452621328,0.027008227902582244,0.036059656444372735,0.03871534157254808,0.03939825616369812,0.0031295499106167943,0.030586080852521503,0.04288651661245467,0.017185155485445865,0.011952149177865256,0.0014323377801346688,0.014268325390340217,0.022349456264189334,0.0,0.0,0.0,0.0,0.0,0.01663701275160307,0.008048647285655366,0.002085704422414931,0.012016934821524841,0.021080096106601776,-0.07150516282488374,-0.07150516282488374,1.3877787807814457e-17,-0.07150516282488374,-0.07150516282488374,2019
42,Vermont,0.1491432191811245,0.15792496081402663,0.003971571669637708,0.0011412828054239372,0.0010066993455638872,4.292491084560836e-05,0.0009602001346976558,0.0010114542901854323,0.14293196108860018,0.1624301636259135,0.15503824804836516,0.16381999735949757,0.003971571567797937,0.1488269877923315,0.16832519079704938,0.0,0.0,0.0,0.0,0.0,0.0010114542901854323,0.0010066993455638872,4.292491084560836e-05,0.0009602001346976558,0.0011412828054239372,0.0,0.0,0.0,0.0,0.0,0.03899374277609956,0.04087725988307163,0.0010452758193290263,0.03751374922986376,0.04183267409484578,0.008407215833295546,0.010237821192308502,0.0008288059076648062,0.006407305121508993,0.009519042991440515,0.0007123567739376678,0.0007399860656000755,2.131845971304257e-05,0.0006814603214562644,0.0007905721421460908,0.0,0.0,0.0,0.0,0.0,0.005060344333009178,0.0050049810933779975,0.00032788028010503624,0.004764584082683455,0.005920483213102144,7.311155421402639e-06,7.473986946053514e-06,1.870325623780407e-07,7.046973234271503e-06,7.857837528778057e-06,0.005027635156326122,0.006084752439240803,0.0007287035034945241,0.0031323162121130225,0.005835741349460857,0.09410070224877323,0.0981407518468271,0.002563702031063067,0.09033579391386046,0.10282398135863852,0.0017175077522231454,0.0017202908228145393,9.695405220505763e-05,0.001622976851445202,0.0019599331732027795,0.0,0.0,0.0,0.0,0.0,0.0,0.0,0.0,0.0,0.0,-0.0058950337080868895,-0.00589503370808689,0.0,-0.00589503370808689,-0.00589503370808689,2019
43,Virginia,0.5183562380279075,0.5428029308113644,0.04798397512870622,0.04341027976462284,0.03810241541048095,0.0029313285024421642,0.03188378949549949,0.03941361015878306,0.4016014130186263,0.5853225759181052,0.5419839597723121,0.5664306532910145,0.04798397922724148,0.42522912409029967,0.6089503039233732,2.855767178714928e-07,1.9526753987014683e-07,1.037760105039839e-08,2.557106854790084e-07,3.067806965253903e-07,0.03941332458206519,0.03810222014294108,0.002931318124841114,0.03188353378481401,0.043409972983926313,0.08002886361935471,0.062219272654665994,0.00347256207446448,0.06938042373209793,0.086198702150782,0.09847079343436864,0.10725602753882567,0.009512434726471184,0.07642170776691197,0.10991238261063573,0.09768538492278844,0.11137856468818487,0.012514215744323449,0.06709969783219259,0.11167017809568454,0.011145359875986806,0.012507143842999915,0.0012761338780553448,0.007746837135994,0.012529286940460961,2.0874681245908862e-11,1.9047368598146167e-11,7.824389268400381e-13,1.9915942429134966e-11,2.3203948691737564e-11,0.009930749626421079,0.011139562549897015,0.0010984039093124523,0.007356463196845649,0.011222103348944761,0.0011495094775552345,0.0012478758213586045,8.565755508684182e-05,0.0009901476475145353,0.00128590980247923,0.023742609546836775,0.034844655146247606,0.009309835056987908,-0.0011853764588969033,0.03298952609776951,0.17394797551187408,0.18087730330312557,0.008846259762897407,0.15856813660476804,0.19446454818290682,0.005351868158058967,0.005932170337890765,0.0005747111987930164,0.0039991591799901464,0.006022732278420295,0.0,0.0,0.0,0.0,0.0,0.0011172373785677395,0.0009256867648105636,1.8187706777377168e-05,0.0010854592096707894,0.0011743348887861206,-0.023627683102007378,-0.023627683102007375,0.0,-0.023627683102007375,-0.023627683102007375,2019
44,Washington,0.2305967252028804,0.39100915856971097,0.05056858116166001,0.022892897833737026,0.02694698551191682,0.0024918239104521583,0.013605669404799113,0.017707164505124866,0.13842291129567805,0.3231514175332133,0.28878338801396775,0.449195846972702,0.050568597134607186,0.1966095305462884,0.38133810027906595,4.560324836427099e-05,5.1131304068930566e-05,1.1089723410883116e-05,3.926600213405456e-05,7.871893068169808e-05,0.017661561256760595,0.026895854207847892,0.0024807341870412753,0.013566403402665059,0.02281417890305533,0.0,0.0,0.0,0.0,0.0,0.09899936196964597,0.1448733931928794,0.013720432311311951,0.07574376235524449,0.12482229235813737,0.048008220480689506,0.08844227479690765,0.012962355243721685,0.023075721094470626,0.07160343138335992,0.013045756411209026,0.01786262774264367,0.001177760665625569,0.011113846284690464,0.015503483734340934,0.0,0.0,0.0,0.0,0.0,0.011986956388354232,0.01918449781279657,0.0022188139813975366,0.008151479619029775,0.016161561767139215,0.003692026335846213,0.0037349907836482094,0.00034895510045880807,0.0033034096748694717,0.004541798802874942,0.022695401618551575,0.03393982004762491,0.0035304094157459186,0.015821120590580936,0.029139904782358002,0.06247404035990779,0.10061645791598466,0.013932664746949626,0.03331117019821633,0.08564726640177654,0.009369552837664124,0.012106785776776445,0.0007714755414680296,0.008127798231949243,0.010837049609264198,0.0,0.0,0.0,0.0,0.0,0.000804842320939055,0.0014878828385044651,0.00027330204978758075,0.00022204814562714378,0.001235050675824317,-0.05818667715364276,-0.05818667715364276,6.938893903907228e-18,-0.05818667715364276,-0.05818667715364276,2019
45,West Virginia,1.7146399538917925,1.025612303551923,0.10731563527757199,0.7890889602122924,0.33178752988714144,0.06876810816540464,0.46963929209408545,0.6163839414632009,1.4809482425085736,2.016698286487559,1.7349847677358343,1.045957336026322,0.10731560915288096,1.50129311424944,2.0370430372000077,0.01202636375034149,0.005546338688331168,0.0021673521626476115,0.007930692519316987,0.017666102509917996,0.6043575777128594,0.3262411911988103,0.06660075600275703,0.46170859957476845,0.7714228577023744,0.9395220124229634,0.5772400530045029,0.03826588717576718,0.8666732467292604,1.0617196691586934,0.06162774400243509,0.05032235247549626,0.004093099938858246,0.051295252477248844,0.07259461026821838,0.0493368088975561,0.04195775469757933,0.0038396537238103864,0.03912435913455502,0.05737146602669532,0.003967531702302043,0.0030417468618579684,0.0003079756827647488,0.003378276007386995,0.004864414716070877,0.0,0.0,0.0,0.0,0.0,0.03017483160112031,0.01719731893090219,0.0032247409297098822,0.023595061994225366,0.03906349859161939,0.0009292617468319353,0.0006217921143971464,6.901511481014983e-05,0.0007963720664734674,0.0011480934454413982,0.0016128854069289282,0.0013105652418083672,0.00011904937662886368,0.0014012245613502152,0.002101411255026181,0.020178026760495963,0.014616625104886403,0.0011120749098191395,0.01803521422735059,0.024073787622195083,0.007243860036688856,0.005079551081435785,0.0004601011527913028,0.0063958929276099075,0.008640466078808808,0.0,0.0,0.0,0.0,0.0,0.004008900435285612,0.002782497218605764,0.0002552906645430589,0.003535710387308792,0.004793387825367733,-0.02034527183975405,-0.02034527183975405,0.0,-0.02034527183975405,-0.02034527183975405,2019
46,Wisconsin,0.9449397213212003,0.9689408313424034,0.09575959665929447,0.04461969227403197,0.028928073652246318,0.003119519566323696,0.030426156208999532,0.03573020434995214,0.7439840175989643,1.1605876976937188,0.9678096723392975,0.9918108189641427,0.09575961820754424,0.7668539095937238,1.1834576826076189,1.0205586477179512e-08,2.5824398026738628e-08,7.0240929730212285e-09,-3.4247573237964014e-09,2.060915385737997e-08,0.03573019414436566,0.028928047827848292,0.003119512542230723,0.030426159633756857,0.04461967166487812,0.0,0.0,0.0,0.0,0.0,0.45931954606263503,0.4264308202770184,0.03592229710115937,0.3890411715735944,0.5570973329245786,0.10679826235559133,0.08675126226742925,0.010199104010616697,0.09079813555823676,0.1372127331387165,0.009073187118932513,0.007226144166301439,0.0008736132362726078,0.007620758316730884,0.011661564546775888,5.782555736402472e-10,9.117152632416236e-10,2.0772910494827573e-10,3.3241779052295547e-11,8.186685290578631e-10,0.019868097057604915,0.016120980088195427,0.0021145168420751057,0.01666019758337337,0.026096243936016367,0.00044364885081662336,0.00037968428208172867,5.93636300750066e-05,0.0003710913349203631,0.0006136691274865885,0.023036215835380475,0.03086122233895923,0.005203192723959144,0.009583370813550821,0.02906196789527532,0.3030188396916465,0.385118117059203,0.04886060299835644,0.1967677352801463,0.36704461268988775,0.010506682324711443,0.009975452417410685,0.0010655990163681308,0.008679722270049208,0.01334480355767566,0.0,0.0,0.0,0.0,0.0,1.509338975022193e-05,1.910638066576941e-05,1.019804789388179e-06,1.3412548778817474e-05,1.7278238119600094e-05,-0.022869862699692288,-0.02286986269969229,0.0,-0.02286986269969229,-0.02286986269969229,2019
47,Wyoming,0.6376798019126556,0.8191937223114227,0.0870749396767915,0.46483472321414654,0.41141494366798614,0.05045223822951264,0.26480159502630735,0.34839089905799314,0.5074762861462251,0.8400481693881141,0.7024798274725964,0.8839938471730912,0.08707496730062264,0.5722762679416977,0.9048482532522021,0.02171072890919556,0.02409178851998166,0.0014423998999636915,0.02001639926199544,0.025046812452608695,0.3266801701487976,0.38732315514800447,0.04900983832954895,0.2447851957643119,0.43978791076153784,0.1134431145128133,0.2308866700006911,0.03698124292397885,0.03557254991722491,0.18056112077056305,0.10409028810851662,0.11772785894445013,0.005809315570193954,0.09214766807656406,0.11668293381986625,0.008440326956857931,0.010788643789210434,0.0008240114066791488,0.0066355650203503026,0.009751738467818651,0.002206817431163719,0.0030463306186519824,0.0005398500827200512,0.0007479012285028997,0.0027866994090229,0.0,0.0,0.0,0.0,0.0,0.0034532198278544924,0.004036190625772983,0.00020756458919581852,0.003108737524619748,0.003946977306703306,0.0003137290497573355,0.00033433737919953037,1.2718973206355848e-05,0.0002843639902319154,0.0003395127632854187,0.059741218001248854,0.0401751319399967,0.005481254257753259,0.04823265810651174,0.07445433598727788,0.01478988236090368,0.015647261969594872,0.0007500226633920758,0.012995464031326997,0.01623505746937044,0.019014297581366565,0.020235635718317904,0.0007931021955990556,0.017754962033566014,0.021290639002736127,0.0,0.0,0.0,0.0,0.0,0.028595743075266983,0.029700440846948263,0.0012341510399108255,0.026692540882113026,0.03219045080709973,-0.0647999637223029,-0.0647999637223029,1.3877787807814457e-17,-0.0647999637223029,-0.0647999637223029,2019
