Total,Total_ExclSoilAbs,Gas,Oil,Coal,Livestock,Rice,Landfills,Wastewater,OtherAnth,BiomassBurn,Wetlands,Reservoirs,SoilAbsorb,Termites,Lakes,Seeps,Year,State
3.898469284927424,4.163589725306249,1.4241470106569716,0.5713187423625887,0.01390128402890144,0.9504990691275536,0.038096543019496165,0.45117637355253637,0.047648442153828935,0.11663965267578567,0.00309733199827104,0.3115465630664289,0.139756369580661,-0.2651204672692677,0.06259596253525115,0.0,0.03316652377106324,2017,Texas
3.948186452129263,4.213306267248138,1.455349777141993,0.5510522825141342,0.009424884992538215,0.9597583463574288,0.03914234979589837,0.4723862636808766,0.053109950580635966,0.1232932287065512,0.002723589709731366,0.31154656120355934,0.139756369580661,-0.26512046821558805,0.06259596253525115,0.0,0.03316652377106324,2018,Texas
4.017941983144863,4.283062729556717,1.468305558364354,0.5993121117909211,0.008586829825902396,0.9606898613635707,0.03784291252020289,0.4812606207972876,0.052721894439856525,0.12548331932501974,0.0017938115581648572,0.3115465568953969,0.139756369580661,-0.2651204768998061,0.06259596253525115,0.0,0.03316652377106324,2019,Texas
3.8992630738506096,4.16425474320548,1.3927266272007803,0.583629213971407,0.0065304664622916255,0.9574972901658031,0.03952488185234353,0.46134890875800305,0.05311253511282303,0.12114072584121607,0.0021009202458150055,0.31112419010182313,0.13975637064625243,-0.26499147770701353,0.0625959624101126,0.0,0.03316652359395026,2020,Texas
1.2838484790075062,1.3496800357368177,0.506914654120391,0.0809699687552873,0.03440048367227439,0.3584739628011905,0.0,0.08467595711368613,0.00851610435775042,0.029104278634324292,0.0022761679104453675,0.08180844875928737,0.13935824343406794,-0.06583159648607631,0.017286586537101873,0.0,0.005895212579762374,2017,Oklahoma
1.2903324762285568,1.3561641730339085,0.5174478529076535,0.0751153763893077,0.033266301417861965,0.3587607972208059,0.0,0.08535581818083925,0.010373083724056643,0.028811540469421457,0.0026850494261484105,0.08180844694817034,0.13935824343406794,-0.06583159979343423,0.017286586537101873,0.0,0.005895212579762374,2018,Oklahoma
1.2912329054921383,1.3570647108287934,0.5215215313572689,0.07477624286526437,0.02969649235940358,0.35898152276210216,0.0,0.08688687337662133,0.010353749780727468,0.029048203824905822,0.0014517869848762054,0.0818084479827429,0.13935824343406794,-0.06583159544791027,0.017286586537101873,0.0,0.005895212579762374,2019,Oklahoma
1.2647478755695647,1.3305539207394412,0.49827483903524683,0.07955897262359327,0.02702798816095215,0.3579454990798925,0.0,0.08348436872707714,0.010536797353584218,0.028315429132839902,0.0011983580838480384,0.08167180656191171,0.13935824452200363,-0.06580600212064922,0.01728658649435,0.0,0.005895212521420678,2020,Oklahoma
1.4098692425402588,1.4382680090100912,0.4194647800470948,0.038336049113004596,0.4956094547076385,0.20104719656670036,0.0,0.10974723461010635,0.012363615519395545,0.06780451131456423,0.001212552946051424,0.08045980323157088,0.0036978142430004186,-0.02839914530159064,0.00730447092007768,0.0,0.001220476432690546,2017,Pennsylvania
1.4100018310521072,1.4384007671762065,0.44237040706123393,0.03446951937684042,0.47397202259151017,0.20483998064041956,0.0,0.10339513654918507,0.012274829122018965,0.07256162907188583,0.0018342267603943965,0.08045980550199618,0.0036978142430004186,-0.02839914477492576,0.00730447092007768,0.0,0.001220476432690546,2018,Pennsylvania
1.3562419918733521,1.3846407851423566,0.43566571688616207,0.03473780694363539,0.42603685924213003,0.20449127588181545,0.0,0.10515514301288532,0.01193584123825857,0.07330883981330086,0.0006275303953128045,0.08045980273947474,0.0036978142430004186,-0.028399145032085384,0.00730447092007768,0.0,0.001220476432690546,2019,Pennsylvania
1.2868797092074393,1.3152315932026384,0.41331032396131806,0.03804705942275962,0.382141900267825,0.20454468741532675,0.0,0.1013159899173803,0.012432099633764989,0.0701375070443025,0.0007441665607332745,0.08033413529025621,0.0036978142988650805,-0.0283512676276451,0.007304470593661562,0.0,0.0012204764363843643,2020,Pennsylvania
1.7509217447814502,1.8830963954424291,0.14786008522693567,0.08292198751483595,0.0,0.7796319206038916,0.13540507805938648,0.3671296055519954,0.047481016631569554,0.034628190129814676,0.09652786384970248,0.06369053532337039,0.053534200316282594,-0.1321746772423859,0.016964069361806847,0.0,0.057321881779186026,2017,California
1.7958814895189072,1.9280560497511876,0.1501472876316797,0.07094113292115783,0.0,0.7731958123426454,0.14359267398595085,0.36334769632719854,0.04731306090291757,0.03484229123146749,0.15316544116084527,0.06369053470739963,0.053534200316282594,-0.13217468095123752,0.016964069361806847,0.0,0.057321881779186026,2018,California
1.657217990142317,1.7893928286481442,0.1497086380809818,0.07111859403415616,0.0,0.7706202571031887,0.13882575808183725,0.36948632252098135,0.0457351307781064,0.035508222049224075,0.016878436663576978,0.06369053521745119,0.053534200316282594,-0.13217468120344714,0.016964069361806847,0.0,0.057321881779186026,2019,California
2.1217798276899886,2.2538038173841075,0.15047432662700247,0.07700333036025385,0.0,0.7726130145274911,0.14499602280446547,0.3566097164927702,0.04654986237473146,0.032309279719262174,0.48162205876613173,0.06380551416051224,0.05353419987055196,-0.13202407952590395,0.016964068456298297,0.0,0.05732188220488843,2020,California
0.8802395478611118,0.9602730807353845,0.2032850287928233,0.0835060411199539,0.0,0.5273015574178445,0.0,0.05595763631601578,0.005847297752638474,0.02229594127625751,0.003169740845949262,0.029588809694434007,0.0,-0.0800336384235179,0.026218772482526832,0.0,0.0031022259916305096,2017,Kansas
0.9307217203422337,1.0107553201703308,0.25444376170148014,0.07564289515671145,0.0,0.5376216189560644,0.0,0.05395384881659073,0.005059765266309218,0.022790938820495016,0.0023326993293680018,0.029588810327614096,0.0,-0.08003363808517573,0.026218772482526832,0.0,0.0031022259916305096,2018,Kansas
0.932955519358297,1.0129892498018365,0.25490550079376406,0.0761800072751846,0.0,0.5378335886090349,0.0,0.05491449982287608,0.004964542617102232,0.022934256906778437,0.002347106234189405,0.029588810453584663,0.0,-0.08003363573941874,0.026218772482526832,0.0,0.0031022259916305096,2019,Kansas
0.929108196378655,1.0091134326238715,0.2477720503404788,0.08323131379759027,0.0,0.5364405291268807,0.0,0.05278818741980257,0.0050724074159395945,0.02222585858200578,0.002736148251259845,0.029525923297501276,0.0,-0.08000514708527841,0.02621877244710594,0.0,0.0031022260094737014,2020,Kansas
0.9488886571609196,0.9655699237736346,0.31369055318611994,0.008425859396338335,0.541906336718185,0.033441783592917204,0.0,0.028339450818378756,0.002206857728929196,0.01622318146939171,0.0006920374016565935,0.014260388545809759,2.7920802363804033e-05,-0.01668124338454051,0.004200555734422794,0.0,0.0021551598593910083,2017,West Virginia
0.9037122216599055,0.9203933960837805,0.3013344248296583,0.007357102090188029,0.5082128363457658,0.03348278503421906,0.0,0.029925432235640002,0.0024250573979634894,0.016280898097736685,0.0007300574732161576,0.014260388969857948,2.7920802363804033e-05,-0.01668124489051676,0.004200555734422794,0.0,0.0021551598593910083,2018,West Virginia
0.8542186191798496,0.8708996755360859,0.29744243622615557,0.0073647028685745715,0.461298314035867,0.03352881992611759,0.0,0.030484929248688883,0.0023568227778051573,0.01640430329155872,0.0013751500916315666,0.01426038847868237,2.7920802363804033e-05,-0.016681243421574052,0.004200555734422794,0.0,0.0021551598593910083,2019,West Virginia
0.7900465985385513,0.806705817405278,0.2817377763127867,0.0079460065016644,0.4153969539018372,0.033398630179640426,0.0,0.02922618267817869,0.002412647054035825,0.01560845925184312,0.0003525101456893706,0.014242855866623463,2.7920802363804033e-05,-0.016659185323050052,0.004200555734568673,0.0,0.0021551598853260814,2020,West Virginia
0.6595016993230047,0.7754219472533139,0.4148101022168419,0.06467903243883187,0.03337243192306396,0.1740630412381011,0.0,0.02989788218306361,0.0019965235175953217,0.007275149292987308,0.0017655001115198252,0.009530902061767507,0.008736979942306234,-0.11592018203370037,0.019251007806762765,0.0,0.010043276062405479,2017,New Mexico
0.6839725675289761,0.7998927480898473,0.4341308533772739,0.0649311254514447,0.02630617613204915,0.17496417716498494,0.0,0.03177012550754834,0.0019573200456815118,0.008228292020973641,0.010042655220057763,0.009530902016074398,0.008736979942306234,-0.11592018440253762,0.019251007806762765,0.0,0.010043276062405479,2018,New Mexico
0.6844498996342316,0.8003698274620545,0.43855985655593427,0.07222208281656262,0.02348331869041257,0.17482955526041977,0.0,0.0323942672109957,0.0018863157307023803,0.008381560363422538,0.0010509393811921849,0.009530901744173913,0.008736979942306234,-0.11592018875466872,0.019251007806762765,0.0,0.010043276062405479,2019,New Mexico
0.6561304161264085,0.7720065338084382,0.4155964433708677,0.06860565656859559,0.020915364710247616,0.17466103084654375,0.0,0.030971950839645226,0.0019616644014767925,0.007675810500275853,0.004073578766875205,0.009513774882714772,0.008736980119581796,-0.11587624839611176,0.01925100666764671,0.0,0.010043276028581459,2020,New Mexico
0.8582908087375103,0.8782848619086685,0.21357822504363044,0.050129887740295934,0.14053865306956434,0.16074683696779524,0.0,0.17719558990543666,0.016858595546366668,0.04941662896719976,0.0008296628040961574,0.0593233943589903,0.0005016094898785422,-0.01999396904250926,0.007579149154337251,0.0,0.0015867099236908377,2017,Ohio
0.9174344371048037,0.9374283021130753,0.2713734132093786,0.04529156557250085,0.12413644349863204,0.16587387095123302,0.0,0.19479069597182241,0.01648850581341129,0.04975847367841902,0.0007247733526886513,0.059323393847278645,0.0005016094898785422,-0.01999396908882227,0.007579149154337251,0.0,0.0015867099236908377,2018,Ohio
0.8474083369467036,0.8674023283588086,0.209151325697053,0.04560658208509641,0.11245112342471122,0.16539659584929559,0.0,0.1983275434369004,0.016074602611156834,0.050179242049129304,0.0012244089819880221,0.059323392282549646,0.0005016094898785422,-0.019993968502848566,0.007579149154337251,0.0,0.0015867099236908377,2019,Ohio
0.8215826680248958,0.8415463638949049,0.20193094913036258,0.04977682441269105,0.10014638022720086,0.16570310538336597,0.0,0.19044186561430285,0.01638787152887145,0.047906063505521256,0.00035545738426940525,0.0592306732715192,0.0005016095097437357,-0.019963940247375186,0.007579149040851184,0.0,0.001586709930631601,2020,Ohio
1.25056408907253,1.275389495805271,0.3397975363638606,0.025096963755652766,0.0008070432912400117,0.06020032890884513,0.08850595189535312,0.11152908579479466,0.11398515197627988,0.029136341678656367,0.006915644160977207,0.4497959536609192,0.03258599552359628,-0.02482550793744241,0.006942496724392465,0.0,0.010090912681296279,2017,Louisiana
1.2260700059870255,1.2508953910827398,0.34070052015783586,0.0225737922404982,0.0005747215169954173,0.05996906962843418,0.09351986732823024,0.13039267184173436,0.07092540507436973,0.028540273855887675,0.00428391469351015,0.4497959520316024,0.03258599552359628,-0.024825510334011255,0.006942496724392465,0.0,0.010090912681296279,2018,Louisiana
1.2821703091187013,1.306995984953493,0.39258859229362103,0.02300343252813103,0.000523617624163868,0.06004626548580922,0.09041525169062324,0.1326628736900279,0.0723684066151933,0.02966188170620557,0.00631060038467511,0.44979596947588407,0.03258599552359628,-0.024825508735075667,0.006942496724392465,0.0,0.010090912681296279,2019,Louisiana
1.2259406718186843,1.250741008967328,0.3380367762749897,0.024572217743450007,0.0003982203888424917,0.059824464769107855,0.09443384724978515,0.12766234218053635,0.07290724836416579,0.02784060733218902,0.0060858681551285015,0.4493601664126308,0.03258599552359626,-0.024800409307479263,0.0069424967243924655,0.0,0.010090912805707545,2020,Louisiana
0.6619672694937981,0.6932568798464261,0.036064287097641756,0.0,0.0,0.5231531103001104,5.783881694178656e-06,0.06828458724759146,0.010951676563804347,0.006175549115045022,0.0006626172070104524,0.034361194275985364,0.0,-0.031289618162825696,0.013598074928599041,0.0,0.0,2017,Iowa
0.6854755178050141,0.7167651583580856,0.03796516332214136,0.0,0.0,0.543496297378116,6.050132813912942e-06,0.06853800406454798,0.011258388513245425,0.006808807037819377,0.000733167819448971,0.03436119451553266,0.0,-0.031289618397870235,0.013598074928599041,0.0,0.0,2018,Iowa
0.6852685931907487,0.7165582066922747,0.03860434747873011,0.0,0.0,0.5413884586468471,5.849282946673604e-06,0.06969448463410104,0.011282000866890053,0.0068577828101059266,0.0007659321080823223,0.0343611939661,0.0,-0.031289618448510095,0.013598074928599041,0.0,0.0,2019,Iowa
0.6853231016451976,0.7165642859172724,0.03938654544573336,0.0,0.0,0.5431315678132536,6.109260940308198e-06,0.06718113718431304,0.01139830658238132,0.006207515650597033,0.0013691935888976597,0.03428589327324583,0.0,-0.031241279294658475,0.013598074928599041,0.0,0.0,2020,Iowa
0.657139004239264,0.700741656769681,0.02557418767900324,5.640666526037451e-06,0.00029536663710965256,0.3385739298146193,0.03243625163577001,0.06658367999467987,0.05357524159533576,0.011358892654523788,0.004897664419649838,0.07727330846701826,0.06931692964739512,-0.04360265400219935,0.019230353604315364,0.0,0.001620197842634065,2017,Missouri
0.7204533435584318,0.7640561546518747,0.0261955011367773,3.83195708636652e-06,0.00031299888361336833,0.34407760498026163,0.035569154375661466,0.06770326544570575,0.10610493724819885,0.013009985496532065,0.003638109650453299,0.07727330746062243,0.06931692964739512,-0.04360265007020331,0.019230353604315364,0.0,0.001620197842634065,2018,Missouri
0.7228737272236335,0.7664764182749065,0.026392111927903698,3.857136161932047e-06,0.0002851674800959695,0.34405616130896255,0.03438839504540436,0.06890427919030387,0.1066478721279113,0.01324177278211356,0.005115840216500646,0.0772733079128187,0.06931692964739512,-0.04360265332048748,0.019230353604315364,0.0,0.001620197842634065,2019,Missouri
0.7177309773874576,0.7612875353309567,0.026970063836714606,4.209640240752591e-06,0.00021687717487867898,0.34337909747858086,0.035916798073618784,0.06626648496126926,0.10584486471095435,0.011742746049300742,0.003638782983889235,0.07714011594046608,0.06931692776940321,-0.04355655799036738,0.01923035400314977,0.0,0.0016201978373864443,2020,Missouri
0.9443958753254525,0.979145687537672,0.12537021253326744,0.0009940249442194208,0.21193420554726355,0.1038357640100333,2.6199994325326337e-09,0.1479531050868612,0.02699185030756069,0.011029470537007828,0.0036448208827071357,0.17034636873755113,0.1649195931572598,-0.034750170115053075,0.009913009706471142,0.0,0.0022135130511419764,2017,Alabama
0.9888788200241404,1.0236289254715916,0.12665430950509937,0.0008440604222999699,0.232639428538822,0.10470325587390467,2.740608556176473e-09,0.16247299666742704,0.034724376504432664,0.011451917099574186,0.0027464478966979767,0.17034636305370288,0.1649195931572598,-0.03475016863690541,0.009913009706471142,0.0,0.0022135130511419764,2018,Alabama
0.9703409504062543,1.0050912543074033,0.1297079227705525,0.0008398705514430926,0.2079287178240935,0.1047185319336936,2.6496256346386323e-09,0.1654088845316383,0.0349480545553072,0.011472518521815953,0.0026740053224113733,0.17034636018522184,0.1649195931572598,-0.03475016851738551,0.009913009706471142,0.0,0.0022135130511419764,2019,Alabama
0.9360688626609457,0.9707784697794846,0.12452138930148915,0.0008748431902380077,0.1859972125031484,0.10450420251629992,2.7673945478393986e-09,0.15886816120319386,0.035210680766515366,0.01075479417042469,0.002778383461505408,0.17022245614831535,0.1649195931176681,-0.03470942842344708,0.00991300971942939,0.0,0.0022135130643620667,2020,Alabama
0.6898107894606983,0.7173723510408445,0.07479746277852421,0.000180614154871991,0.19147194461988828,0.1691640564800065,5.5975155838573545e-06,0.15161272935952166,0.02435818213812362,0.02026593076009406,0.0010818068992188685,0.06499598730945659,0.0,-0.027561415859703394,0.013688157271121356,0.0,0.005749664864993379,2017,Illinois
0.6684479392331447,0.6960092232046844,0.0765216438790374,0.00016631561288709524,0.15518002686860904,0.17377120662969514,1.0602240162173032e-05,0.1526175569600882,0.030617152680169134,0.021069925958580468,0.001620892351303674,0.06499598935500321,0.0,-0.027561414617232615,0.013688157271121356,0.0,0.005749664864993379,2018,Illinois
0.654879128362443,0.6824405015422742,0.07737272873879644,0.00018814559591559022,0.14048879014027688,0.17318919723673237,1.0250283236882702e-05,0.15513213254999952,0.029736482761498807,0.021142280951128786,0.0007468158489765042,0.06499599100721003,0.0,-0.027561416925454198,0.013688157271121356,0.0,0.005749664864993379,2019,Illinois
0.6342057034385099,0.6617323426200545,0.0778296817021271,0.00016526129500064334,0.12556201972896128,0.17361331707152294,1.070586902429862e-05,0.1497704867726781,0.02945464772267477,0.019737180397849927,0.0012701150827867302,0.06488130837683496,0.0,-0.027526727125308507,0.013688157658493235,0.0,0.005749664927382411,2020,Illinois
0.5998370061841937,0.6583047104166442,0.022304728890839162,0.002274921876830275,0.0,0.48843183822114394,0.0,0.046347093627834665,0.009948339322711162,0.004400870190093462,0.0002667243767171048,0.03978720225546227,0.027016559957220736,-0.058467772439119804,0.01737921058865552,0.0,0.00014740127240925335,2017,Nebraska
0.6092010877499194,0.6676688455123811,0.02351490459622431,0.0023067213883507234,0.0,0.49693975379206257,0.0,0.04796678679245694,0.00745530911027381,0.004772976771095039,0.00038212435811173717,0.03978720306265678,0.027016559957220736,-0.058467769692550124,0.01737921058865552,0.0,0.00014740127240925335,2018,Nebraska
0.6107041315696135,0.6691720449830187,0.02386414834289916,0.00232331838180004,0.0,0.4973520223790058,0.0,0.04883310949179342,0.007489267229664766,0.004781648634525358,0.00019815844851843442,0.039787203227469536,0.027016559957220736,-0.05846777182144597,0.01737921058865552,0.0,0.00014740127240925335,2019,Nebraska
0.6086019540454418,0.6670073910720461,0.024496401235177503,0.0025405852539134117,0.0,0.4957772146764063,0.0,0.04691422660947343,0.007582087699441715,0.0044174000528642435,0.0010369583259436956,0.03969956552378339,0.027016561360385268,-0.058405564990883625,0.017379210520663945,0.0,0.0001474012751315457,2020,Nebraska
0.6817684554622662,0.707008750921862,0.10287529280485258,0.00569199090036499,0.11125176872986635,0.15584060540781094,2.135498963997083e-09,0.13415182024756034,0.007630647437198547,0.025756169684722392,0.0008746684779519729,0.05403465821450247,0.09115952779477579,-0.025240514190496128,0.009450040910173816,0.0,0.008291693003525625,2017,Kentucky
0.6805632194106136,0.7058036440395543,0.10269346133234182,0.005279430013641444,0.1092231162740973,0.15410145421662186,2.233803595316756e-09,0.1382177026001249,0.006599175053660588,0.025969684983380686,0.0007837835734958388,0.054034657069457225,0.09115952779477579,-0.02524051523084484,0.009450040910173816,0.0,0.008291693003525625,2018,Kentucky
0.6736998310087298,0.6989405091089977,0.10328843906909739,0.005315008746889894,0.09942622548979954,0.1543042886651589,2.1596476393941302e-09,0.1402162830817975,0.006435145161616503,0.026175767453597756,0.0008434240905482702,0.054034658231943894,0.09115952779477579,-0.025240513694325176,0.009450040910173816,0.0,0.008291693003525625,2019,Kentucky
0.6555801769360468,0.6807876376948919,0.10074871203940788,0.005814477226397384,0.08919393707913366,0.1537160780696726,2.2556341941466372e-09,0.13613897900446106,0.006601544205415519,0.025123538204568363,0.0005736116143499417,0.053975234691543236,0.09115952745548929,-0.025207424868754547,0.009450041015488433,0.0,0.008291693123358472,2020,Kentucky
0.5391932123941838,0.5681792052659519,0.05127423306799765,0.0011125270595246405,0.003307437185925745,0.13864583409801606,0.0018954798678851084,0.11687688562728736,0.014607811121827373,0.0130755370982375,0.0017284113080514737,0.08383163482738852,0.12791792084696324,-0.028985862451530803,0.010342342795793807,0.0,0.0035631771662661352,2017,Tennessee
0.5475076808462739,0.5764934750853516,0.05612285221858762,0.001021047124897523,0.003208191954095682,0.1379619594669754,0.0017683354899545223,0.12075349046019966,0.015005454951738113,0.013683437420605708,0.0013135914588528566,0.08383163126759845,0.12791792084696324,-0.028985863011567102,0.010342342795793807,0.0,0.0035631771662661352,2018,Tennessee
0.5516316973731527,0.5806175565932422,0.058140106284757326,0.0010339328016279216,0.0030420375673118403,0.13813334081842224,0.0017096329794924901,0.12295427067972851,0.014634009900287142,0.013801430196196389,0.0015137291118307705,0.08383163302256187,0.12791792084696324,-0.028985863079133638,0.010342342795793807,0.0,0.0035631771662661352,2019,Tennessee
0.5458288222270923,0.574775582492265,0.058984768015626104,0.0011231328596708068,0.0029126665845313417,0.13762436164576988,0.001785619150606257,0.11806063286446253,0.014884994854331243,0.012735238414627342,0.0010825315648000538,0.08375831349619606,0.1279179223886226,-0.028946818147910752,0.010342342848809256,0.0,0.00356317720351358,2020,Tennessee
1.043965341797716,1.0624372010943282,0.12258998015104679,0.006409486703607869,0.0,0.1687798871418112,0.0,0.17925824112649527,0.058445064603608404,0.022327459556881653,0.00045582439306825803,0.48573939811918726,0.009370976869884721,-0.018471856767227242,0.007776520246577689,0.0,0.001284543709714686,2017,Michigan
1.0148359748300326,1.033307796614306,0.1174721152371387,0.006049789100611534,0.0,0.17264634546286997,0.0,0.177192228554657,0.030956547818400057,0.024128167323564636,0.0006913244805195289,0.48573940602548277,0.009370976869884721,-0.018471855737948087,0.007776520246577689,0.0,0.001284543709714686,2018,Michigan
1.0165549390054884,1.0350268182326487,0.11574412188636886,0.006086203685420908,0.0,0.17210805160697704,0.0,0.18033632510997122,0.03009990639753836,0.02453759112368218,0.0019431330266795,0.4857393925509471,0.009370976869884721,-0.0184718559098651,0.007776520246577689,0.0,0.001284543709714686,2019,Michigan
1.002265589620679,1.0206986393652193,0.1129857955691789,0.006451041291626892,0.0,0.17248889169426326,0.0,0.17349414285865478,0.02975528185323858,0.022063003085262652,0.00027490682092999613,0.4847533599700076,0.009370977073821082,-0.01843300537244517,0.007776520270335782,0.0,0.00128454371166563,2020,Michigan
0.47993984682999896,0.49797960106215816,0.04259311782397351,2.670459513592446e-05,0.10828400179947528,0.13917354775038368,0.0,0.11844073615528879,0.013225552865702284,0.01652744669045644,0.00048014278165024125,0.0474833440438135,0.0011571612159870942,-0.018039758103701887,0.007836965543785997,0.0,0.0027507483975243987,2017,Indiana
0.49817950569184977,0.5162193407000941,0.04534076077916494,1.6908392132940778e-05,0.1191191301134133,0.14364701410555608,0.0,0.11744690371981771,0.013125840213381404,0.017644122526813924,0.0006504474783439144,0.04748334630951202,0.0011571612159870942,-0.018039758610990726,0.007836965543785997,0.0,0.0027507483975243987,2018,Indiana
0.487717297957224,0.5057571507820111,0.04606333935702771,1.8124401801452995e-05,0.10674172108580475,0.14306573879678114,0.0,0.11955987082595018,0.01295188235723359,0.017772515633659114,0.00035590137123773017,0.047483345074949466,0.0011571612159870942,-0.018039757573941984,0.007836965543785997,0.0,0.0027507483975243987,2019,Indiana
0.4698268093071503,0.4878420455294972,0.046671554903916966,1.7495750939594403e-05,0.09359385565239066,0.14355783486660506,0.0,0.11490542486849172,0.013231843714303856,0.01629710402322315,0.00041968309479857243,0.04740266170423001,0.0011571611746984446,-0.018015232913840547,0.007836965589599548,0.0,0.0027507484217990288,2020,Indiana
0.7505812247677133,0.7910263638034856,0.03932432171054244,0.0,0.0,0.11360787144987708,0.0,0.2065624639555531,0.01488658121055392,0.014687556934376744,0.009091394744380307,0.31126072579014713,0.07164062380005098,-0.040445174168554324,0.009829762875200257,0.0,0.0001350947003179274,2017,Georgia
0.7647094791374598,0.8051546882755072,0.036169923136599356,0.0,0.0,0.11426609869627578,0.0,0.22597937811051338,0.01535547542120308,0.015227811316874625,0.005289955306087597,0.3112607174096808,0.07164062380005098,-0.040445172426818186,0.009829762875200257,0.0,0.0001350947003179274,2018,Georgia
0.768166441666259,0.8086116624674573,0.03700376055613039,0.0,0.0,0.11406372633017989,0.0,0.2300479749399515,0.014926035283515696,0.01535450204126301,0.004349518804653254,0.31126073099391866,0.07164062380005098,-0.04044517558653373,0.009829762875200257,0.0,0.0001350947003179274,2019,Georgia
0.7584667309283535,0.7988706455282393,0.037843991080715525,0.0,0.0,0.11414954968224386,0.0,0.22100158733335523,0.015170738933446932,0.014286840306126194,0.0039807444395532935,0.3108316026687969,0.07164062445636135,-0.04040392229176067,0.00982976289082989,0.0,0.00013509469826434103,2020,Georgia
0.7519893643090529,0.7858842624103379,0.10940310400163218,0.0019343035907246077,0.02954433202131143,0.11580517805840577,0.19102944862554763,0.056741236909348625,0.013089410845876295,0.008743790529132366,0.010559826424909756,0.16563388033061538,0.0683971817857519,-0.03389503754136469,0.010721088049261711,0.0,0.004281629612087863,2017,Arkansas
0.7437082474016415,0.7776034196301712,0.1119558277701066,0.0017701851570630575,0.01546688582337375,0.11577343866288584,0.20201287758690695,0.05453497101143386,0.01276352828943786,0.00883381394587051,0.005458169858123184,0.16563387953721856,0.0683971817857519,-0.03389503792926546,0.010721088049261711,0.0,0.004281629612087863,2018,Arkansas
0.7398764728796924,0.7737715043457779,0.11288958431178003,0.001791886368086616,0.013754460587934501,0.11591424791832604,0.1953065824788731,0.055509595422024945,0.012746812759069555,0.008922439866360649,0.007902399175294662,0.1656338773996999,0.0683971817857519,-0.033895038494759486,0.010721088049261711,0.0,0.004281629612087863,2019,Arkansas
0.7383395541334674,0.7721938544174484,0.1093419528187167,0.001896982944009676,0.012552219675011647,0.11549452794367111,0.20398723538965213,0.05335000674534051,0.012796496376529095,0.008257641655910886,0.005660603393270521,0.16545639518735267,0.0683971817857519,-0.03385437499382776,0.01072108808122366,0.0,0.004281629633083471,2020,Arkansas
0.643645280752243,0.6684233196528419,0.06765558136460777,9.919833171569043e-05,0.1754706753508007,0.1097590915726135,1.883437557829819e-11,0.12068807644822802,0.014622177093939974,0.012301811735857813,0.0014014865793084699,0.14612958843878032,0.012737742017011281,-0.024777971591867717,0.0059053176726905085,0.0,0.001652338934548684,2017,Virginia
0.6354009248035629,0.6601787484241177,0.0682858402169618,0.00010960996051475882,0.1631018487313279,0.11124945418839312,1.9701384049429743e-11,0.12125689785975023,0.015070239158101968,0.013090090059856997,0.0015900808649639906,0.14612959855036065,0.012737742017011281,-0.024777970930283548,0.0059053176726905085,0.0,0.001652338934548684,2018,Virginia
0.6218588523211083,0.6466369020726825,0.06773955904888623,0.00011049151221085748,0.14831591757749918,0.11131185289199275,1.9047368598146167e-11,0.1233275299222374,0.014935961939676546,0.0133432329845703,0.0011274278042458952,0.14612959345507284,0.012737742017011281,-0.02477797091976716,0.0059053176726905085,0.0,0.001652338934548684,2019,Virginia
0.5970099618681741,0.6217541473667748,0.06560702328138979,0.00012120762643877335,0.1321132401556987,0.11100295090125517,1.9893939677930865e-11,0.11885600501673071,0.015213456670477809,0.012102318641707384,0.0005410839812204194,0.14590129595512458,0.012737742009836002,-0.024744198110334386,0.0059053176546326,0.0,0.001652338903711801,2020,Virginia
0.976257808504348,0.9998031070829467,0.026128337393133683,3.8239034050409656e-07,0.0,0.41182267490666685,2.713390122436157e-06,0.087398114545623,0.0071625419899943215,0.014249731068243425,0.0005478990915541483,0.4103626098595931,0.03215599080327176,-0.02354527694298912,0.009926128118573579,0.0,4.605498698960227e-05,2017,Wisconsin
0.9812694800242869,1.0048148513543793,0.026827145835386992,1.3271537098054032e-07,0.0,0.41835073138433837,2.8382939067726043e-06,0.08359236686245258,0.0067998994110810285,0.01583410665008632,0.000916916806990446,0.41036260449789025,0.03215599080327176,-0.023545274856493475,0.009926128118573579,0.0,4.605498698960227e-05,2018,Wisconsin
0.9813240106163338,1.0048694170813508,0.02701945105729583,1.508033243018226e-07,0.0,0.4175888162397901,2.744072616020445e-06,0.08460447401253968,0.006580199287334237,0.016150344561003203,0.0004324518552623524,0.4103626103409658,0.03215599080327176,-0.023545276508337744,0.009926128118573579,0.0,4.605498698960227e-05,2019,Wisconsin
0.977717900130848,1.0012061628304336,0.02769404548427302,1.3137811181888827e-07,0.0,0.4177792236903715,2.8660359285356493e-06,0.08270120965048199,0.006799629349342454,0.014247934163519728,0.0004068946779967063,0.40944605584467003,0.03215599090470978,-0.023488226409412852,0.009926128123182852,0.0,4.6054985551029265e-05,2020,Wisconsin
1.057530345427609,1.0753094434570916,0.029316856303983483,2.3094963126088942e-05,0.0,0.1476178479157858,0.0,0.23172682708144707,0.014699130097973682,0.014677830302360952,0.013871668842711833,0.6074956358618755,0.010907722425057316,-0.01777903374321214,0.004877450803797811,0.0,9.510126593450086e-05,2017,Florida
1.068464396664702,1.0862434202404778,0.03509486990573332,1.9910262233781345e-05,0.0,0.14734104036187423,0.0,0.23912660397658778,0.014083700862681818,0.014431566707432848,0.01276967026814945,0.6074956285801583,0.010907722425057316,-0.017779032972330494,0.004877450803797811,0.0,9.510126593450086e-05,2018,Florida
1.0711934604763091,1.0889725787758298,0.036892321645434774,1.9610407699839248e-05,0.0,0.14738055122299124,0.0,0.2436290238897888,0.013579207339965073,0.014732465733225675,0.009363460288379158,0.6074956402171957,0.010907722425057316,-0.01777903298097484,0.004877450803797811,0.0,9.510126593450086e-05,2019,Florida
1.060379517709897,1.0781562215287916,0.037975737138300665,2.0020485685176364e-05,0.0,0.14707109477094407,0.0,0.2335387035669523,0.01416505801357531,0.013666808394871251,0.009332061356597341,0.6065064935487645,0.01090772169842276,-0.01777666535831193,0.0048774507604845765,0.0,9.510126706796556e-05,2020,Florida
0.9490049335069143,0.9785889122839309,0.032378248284854715,0.0,0.0,0.2529562697198859,3.4491046943634712e-09,0.18598047027333786,0.020279929663142314,0.013044183098526785,0.0027050843470863943,0.4055310215985158,0.057813825445146474,-0.02958398182623635,0.007656832228677515,0.0,0.00024311581822608182,2017,North Carolina
0.9611335864564424,0.9907175425094793,0.03406014497881817,0.0,0.0,0.2535488817903588,3.6078798962156534e-09,0.19668912766829802,0.01923885130100086,0.013794913720518014,0.002140905368507698,0.4055310274192134,0.057813825445146474,-0.02958398079031956,0.007656832228677515,0.0,0.00024311581822608182,2018,North Carolina
0.963544057277714,0.9931279795260317,0.03511711867901328,0.0,0.0,0.25167202415787165,3.488107580730851e-09,0.20021928116048246,0.018961686892142067,0.013982903830862006,0.001930348275190914,0.40553103234240095,0.057813825445146474,-0.029583980554311592,0.007656832228677515,0.0,0.00024311581822608182,2019,North Carolina
0.9568565063438541,0.9864031453308655,0.03588613818667908,0.0,0.0,0.25383508519501735,3.643143372605233e-09,0.1923889634214257,0.0192768614840042,0.01261551376150729,0.0018109016471435648,0.4048759812174991,0.05781382618071114,-0.02954651320492888,0.007656831837352375,0.0,0.0002431158208916891,2020,North Carolina
0.5720196395339144,0.6320054972972299,0.005424763711475119,0.00020328904354048643,0.0,0.3189060894517395,8.479477807180908e-07,0.011207377024899665,0.0011495409733128141,0.0023763829910992042,0.0003729089807132577,0.14940812078841206,0.12376837654420181,-0.05998583047930982,0.01883311219498076,0.0,0.0003546108707362031,2017,South Dakota
0.5781837734702212,0.6381696477746802,0.005561198483955224,0.00020436968376609765,0.0,0.3232563213217036,8.869817308167432e-07,0.011409220498970148,0.0025078860479881486,0.0026650540962955666,0.00020037407997880964,0.1494081119755473,0.12376837654420181,-0.05998583060591993,0.01883311219498076,0.0,0.0003546108707362031,2018,South Dakota
0.5784880067859591,0.6384736780815319,0.00556421774928537,0.00021306133388826156,0.0,0.3234335217383903,8.57536512389624e-07,0.01162244205181517,0.0025269553973361744,0.002692488908226042,5.589359389009115e-05,0.1494081163779996,0.12376837654420181,-0.059985831016682326,0.01883311219498076,0.0,0.0003546108707362031,2019,South Dakota
0.5771268683497054,0.6370040941955565,0.00573629595872899,0.00019938014013269647,0.0,0.3225342808105355,8.956504606603516e-07,0.011142449395604728,0.0025607021409471842,0.0024991312729750093,0.00031276108633944525,0.14906205595860325,0.12376837187211663,-0.059877292345412184,0.018833112292681035,0.0,0.00035461086986810696,2020,South Dakota
0.7252430776719647,0.809028784695567,0.24896434907666198,0.041000438180742685,0.056754134016487365,0.261227187075262,0.0,0.07552538227353899,0.014955238746176611,0.011971393408491252,0.002324190411902177,0.03512609155060048,0.008084259565115298,-0.0837858104921583,0.020186073229680766,0.0,0.032909890473732356,2017,Colorado
0.7369585403338523,0.8207441772306425,0.25732276760975054,0.0371889955997737,0.049822365683940245,0.2660615421230701,0.0,0.07914983148465031,0.013034950586595978,0.012090704558914669,0.009766745543444089,0.035126093881191756,0.008084259565115298,-0.08378581073743224,0.020186073229680766,0.0,0.032909890473732356,2018,Colorado
0.7227210898844002,0.8065068194518119,0.2522861198536915,0.0367437593007887,0.04666598990435249,0.2662852292069906,0.0,0.08067973860668896,0.012706196078529977,0.012299568045383073,0.0025339951639308704,0.03512609201902713,0.008084259565115298,-0.08378581286157374,0.020186073229680766,0.0,0.032909890473732356,2019,Colorado
0.8015091056917037,0.8851860423465349,0.23882004563361592,0.03824070260485761,0.04110766465172448,0.2654435721265528,0.0,0.0772236315274806,0.012693702555554864,0.011286024657831455,0.10411234306434101,0.03507808369113271,0.008084259539377013,-0.08367689996800382,0.02018607298382426,0.0,0.032909891165081535,2020,Colorado
0.8766781775304539,0.8998644386859258,0.09682248685845037,0.011241488794302154,0.0,0.227631257174736,0.0,0.09515541565825564,0.01424131477794849,0.030600243917755416,6.910450932952045e-05,0.3817369296586797,0.0307584019541679,-0.02318629038656628,0.008686505772480669,0.0,0.0029212283337444063,2017,New York
0.8862789229130468,0.9094652066019707,0.0970763754165031,0.009423954038411647,0.0,0.23188635399127738,0.0,0.10026145425053837,0.01354000759463716,0.03292725058283977,0.0002468475719152568,0.3817369325732523,0.0307584019541679,-0.02318628931206224,0.008686505772480669,0.0,0.0029212283337444063,2018,New York
0.886452681366723,0.9096389957101333,0.09622851108189384,0.009499422254165292,0.0,0.23128766067051387,0.0,0.10183877351253343,0.013070321500682307,0.03347589316858488,0.00013532546860275604,0.3817369450680852,0.0307584019541679,-0.0231862897788438,0.008686505772480669,0.0,0.0029212283337444063,2019,New York
0.8795232063291546,0.9026554425945809,0.09405493538850616,0.010419685714879858,0.0,0.23163205622270724,0.0,0.09852975123107753,0.013559027409592587,0.030791548373839562,0.000187560670083453,0.38111472172122124,0.03075840275463495,-0.023132210573459534,0.008686505615512439,0.0,0.0029212283272492083,2020,New York
1.0339840933705642,1.0772988046650502,0.030151735188377996,0.00014212995756282318,0.0,0.2746461651630361,0.000555091635168957,0.049266239100586626,0.0059429224119586085,0.012080062328025276,0.001429609156709848,0.6788220586275513,0.007147181523431164,-0.04331485792727035,0.01711568719326517,0.0,0.0,2017,Minnesota
1.0462210029957875,1.0895360133142964,0.030515273789621565,0.0001509142923784839,0.0,0.2828621860137725,0.0005806444016507213,0.05115011689595891,0.005451642833901327,0.013665795675382673,0.0020744435100747867,0.6788220736347617,0.007147181523431164,-0.04331485703281522,0.01711568719326517,0.0,0.0,2018,Minnesota
1.0459394856942217,1.0892544327688654,0.03085772355250209,0.000171483340741414,0.0,0.2820211835579666,0.0005613686302136475,0.05179996992117874,0.005274835248097545,0.013872197889683342,0.001610651385754598,0.6788220776504392,0.007147181523431164,-0.04331485728707236,0.01711568719326517,0.0,0.0,2019,Minnesota
1.0460714425644086,1.0892783981212855,0.0317360277324549,0.0001493946134490048,0.0,0.2825924336461431,0.0005863191582538513,0.05056306854017576,0.005491088924083238,0.012400256751259196,0.004283657979554797,0.6772133795372312,0.007147181558279838,-0.04320700408453681,0.017115688009925453,0.0,0.0,2020,Minnesota
0.7883130277322933,0.8564980458052003,0.3650610384235932,0.025640696140993968,0.22226866980841456,0.12393607674176232,0.0,0.010473352513693407,0.0021651909861936445,0.004355726442465449,0.00048179450235657584,0.01820979889772994,0.03157080056474584,-0.0681850949866861,0.021359375971682255,0.0,0.03097585420287656,2017,Wyoming
0.8416447581703349,0.9098299345773593,0.3718039049904706,0.024070985628517578,0.254546407999702,0.12372853784787909,0.0,0.010843197268758717,0.003425065304667386,0.004202285297979057,0.01509348156254697,0.018209798874833753,0.03157080056474584,-0.06818509185359638,0.021359375971682255,0.0,0.03097585420287656,2018,Wyoming
0.8127187805313313,0.8809040366743582,0.380870788178204,0.023989146611775314,0.2308866700006911,0.12396624949096903,0.0,0.011052202222779047,0.003461646744426875,0.004219693961516959,0.00034142527474721854,0.01820979879305866,0.03157080056474584,-0.06818509275525031,0.021359375971682255,0.0,0.03097585420287656,2019,Wyoming
0.7587523360920035,0.8268074032870122,0.3547953677535554,0.025443189078315283,0.18116464678686667,0.12339208087737648,0.0,0.010583796071834429,0.003423581842142662,0.003880450374779214,0.022023554437115768,0.018194424845256796,0.03157080111896078,-0.06805507952717509,0.02135937509773777,0.0,0.030975854263449797,2020,Wyoming
0.5789583626640721,0.6111914369983054,0.08417210032316588,0.003927696252432773,0.002820909612514319,0.08256498615048244,0.024819668012359467,0.06353914577585809,0.010446152239019823,0.0051033141722153785,0.0031547104718827536,0.3176723506100175,0.0028423314450176924,-0.03223304341778521,0.00845181679873706,0.0,0.0016763382410658382,2017,Mississippi
0.5926949128712937,0.6249279485163675,0.09515826890152007,0.003437034532591239,0.003179594737632764,0.08275177174940332,0.027208362802020408,0.0641406654928945,0.009933597914570857,0.005366839335343498,0.003108984009955249,0.31767234029900665,0.0028423314450176924,-0.03223304227030013,0.00845181679873706,0.0,0.0016763382410658382,2018,Mississippi
0.595391189518327,0.6276242235545488,0.09747574902310006,0.0034303903601712654,0.002896852963431014,0.08266205391737669,0.02630512148334696,0.06526604753573657,0.009974902479199596,0.005439685450303771,0.0035305801132910165,0.3176723479352744,0.0028423314450176924,-0.0322330430014817,0.00845181679873706,0.0,0.0016763382410658382,2019,Mississippi
0.59215739292904,0.6243542400260567,0.09758122101188416,0.003632011123469219,0.002203128496666072,0.08263650212984383,0.027474275332668798,0.06278774596791019,0.010104350070345767,0.005134299631878123,0.002417287808453566,0.3174129603840969,0.0028423314450176924,-0.03219681341632832,0.00845181679873706,0.0,0.0016763382419042322,2020,Mississippi
0.2739991723048594,0.33895341056867123,0.08095525706396031,0.014684952001799843,0.038737313850498986,0.08534378417367984,0.0,0.0351775975253702,0.0034366333573980184,0.004108934012920844,0.004742444107238406,0.039384363894908604,0.01319981146173412,-0.06495419195816118,0.01109725941995778,0.0,0.008085129856516316,2017,Utah
0.27899871772335283,0.34395284815476934,0.083350737199314,0.013919173183072625,0.03687161055178112,0.08520465528652174,0.0,0.03540942235316718,0.003301029483470174,0.004469302922024687,0.009660429850591009,0.03938436336021314,0.01319981146173412,-0.06495419047277534,0.01109725941995778,0.0,0.008085129856516316,2018,Utah
0.268984168261257,0.33393841182546585,0.08312773563229263,0.013922094112270677,0.035128851750479737,0.08517921194752708,0.0,0.03605806800138407,0.0031936504460637503,0.004534883194488909,0.0010273251636922472,0.039384360861553766,0.01319981146173412,-0.06495419247282765,0.01109725941995778,0.0,0.008085129856516316,2019,Utah
0.2644364147646261,0.3293152010325819,0.07996570596200789,0.014882950132608009,0.03222659538004189,0.08504517052211774,0.0,0.03464299471587724,0.003283053278393473,0.004114914895417006,0.0034325522444191136,0.039339214810827895,0.013199811625593878,-0.06487887435522796,0.011097259351723704,0.0,0.008085129866833362,2020,Utah
0.5165622412702955,0.5631122132729357,0.07451954873264303,0.07209205769820268,0.0,0.13742692579003873,2.455565088270221e-06,0.016350461988171805,0.0016139330111961912,0.0035205899346805376,0.0015924098188435654,0.17637575711558828,0.06095938119569414,-0.04654991417012781,0.017916809756203782,0.0,0.0007416520993177395,2017,North Dakota
0.5189252393561172,0.5654751709721185,0.05778354920725069,0.08977821625424862,0.0,0.13741765771533032,2.5686017360021093e-06,0.018035958933075937,0.0013746581092771435,0.0035712945995079602,0.001517528991147652,0.17637575942296424,0.06095938119569414,-0.04654991374829446,0.017916809756203782,0.0,0.0007416520993177395,2018,North Dakota
0.5285399871545996,0.5750897676384193,0.05933832672331169,0.09641954416365511,0.0,0.1376775007329456,2.4833319460963907e-06,0.018318643141795578,0.0013353161581263408,0.0035195583762595525,0.0024847848126769794,0.17637575499786118,0.06095938119569414,-0.04654991726911125,0.017916809756203782,0.0,0.0007416520993177395,2019,North Dakota
0.505663702624764,0.5520976061010769,0.05727649351359504,0.07368624039514787,0.0,0.13704452862552485,2.5937070515577476e-06,0.01772009159742021,0.0013409934045947086,0.0033084493353352663,0.0061478133334255695,0.17595239828172413,0.06095938119603549,-0.046433805311732836,0.01791680985141791,0.0,0.0007416520876996623,2020,North Dakota
0.5223822772635794,0.6356545532937468,0.07128029051178443,0.010684120189836287,0.02130297198183108,0.22387501683053954,0.0,0.012254382891476685,0.0021231762984781247,0.005976355781472124,0.0657632061593128,0.06495046756998937,0.11376784366357515,-0.11327227700588682,0.03261884177111305,0.0,0.01105797303950063,2017,Montana
0.4730821298405092,0.5863544583782055,0.07124243309466437,0.010282153317113598,0.02260935565402833,0.22339360672158085,0.0,0.01428785991967912,0.0014433936999379657,0.006981135895354045,0.013719361098263957,0.06495046799687842,0.11376784366357515,-0.11327228072221263,0.03261884177111305,0.0,0.01105797303950063,2018,Montana
0.46004799137733676,0.5733202669427182,0.07100605226776403,0.010667119795067967,0.020643495286261793,0.22385254306557914,0.0,0.014543140699615414,0.0013986831570527265,0.007124231714930233,0.0016899453224336093,0.06495046823346055,0.11376784366357515,-0.11327227330030888,0.03261884177111305,0.0,0.01105797303950063,2019,Montana
0.4545275140623245,0.5675899605138719,0.06867175144940486,0.01016681608868786,0.015691925338763044,0.2227745002597662,0.0,0.014020071224095734,0.0014031565947658794,0.006308510332789345,0.0062421460634951775,0.06486646976109078,0.11376784747514088,-0.11306235011070173,0.0326188408438256,0.0,0.011057973049720896,2020,Montana
0.5238832090213684,0.5437790436015605,0.01610175067295626,0.0,0.0,0.03834396847991021,0.0,0.07501382199126339,0.007728463589046944,0.006476266119838148,0.0036985223436346673,0.30693033115283425,0.08429408941541483,-0.019895848331025465,0.005191619416505908,0.0,0.0,2017,South Carolina
0.5276887566917149,0.5475845710895251,0.017336146589256217,0.0,0.0,0.038803705499259704,0.0,0.07797373664711177,0.007786506823363344,0.006878556388594906,0.0023896932615256345,0.30693032297124523,0.08429408941541483,-0.019895849829307567,0.005191619416505908,0.0,0.0,2018,South Carolina
0.52868032256333,0.5485760737589199,0.017725359542091992,0.0,0.0,0.03870643770338403,0.0,0.07927106940121126,0.007532746776483767,0.00690945791753385,0.0020147816931816516,0.3069303061668446,0.08429408941541483,-0.01989584855628534,0.005191619416505908,0.0,0.0,2019,South Carolina
0.5246262043044219,0.5445007149135422,0.018118784197968443,0.0,0.0,0.03877350749471685,0.0,0.0764941549268335,0.0076508965645488754,0.006388500552342572,0.0011080410727788044,0.3064809410690174,0.08429408875390511,-0.019874643592275375,0.005191618922892489,0.0,0.0,2020,South Carolina
0.2830326022151335,0.28705746204874105,0.05963979715813723,6.534377336822661e-05,0.0,0.004062127597172036,0.0,0.07279864283210485,0.013686913293686343,0.012792595269024707,0.0010309885217095855,0.12181339429401292,0.0,-0.004024908112416724,0.0011677852201459433,0.0,0.0,2017,New Jersey
0.27662069158564934,0.28064573188377734,0.06000058877145999,5.518023761492452e-05,0.0,0.003917585712089065,0.0,0.06669170413284636,0.013495336279848358,0.013197446501457037,0.0003065818325825035,0.12181340046163561,0.0,-0.004024907624828006,0.0011677852201459433,0.0,0.0,2018,New Jersey
0.27807255012634796,0.28209748133248835,0.060414021795273665,6.270109540549418e-05,0.0,0.003914440947641779,0.0,0.06772181277793839,0.013040565467175583,0.01344327822570374,0.0005195705942301019,0.12181339663165255,0.0,-0.004024907000349231,0.0011677852201459433,0.0,0.0,2019,New Jersey
0.27501441531348136,0.27903429008492203,0.060592581139568905,5.4624525282076595e-05,0.0,0.00391079720105402,0.0,0.06561796145936565,0.01341820081077363,0.01237915893840201,0.00025825017135888635,0.12163502532464515,0.0,-0.00401990283764073,0.0011677852201459433,0.0,0.0,2020,New Jersey
0.4485053433378927,0.5156553596600012,0.013606915383964482,0.0,0.0,0.31015010143856625,0.0,0.021345618059331155,0.002931269388815734,0.0060799727614493804,0.03136091492534595,0.036222924966627316,0.07810109902633876,-0.0671500355908783,0.01397110324480683,0.0,0.0018855327279207182,2017,Idaho
0.43322721258722113,0.500377272545512,0.014285096063630773,0.0,0.0,0.31173946724132573,0.0,0.019890217320532592,0.0031832804829564363,0.006427457379508105,0.014671052059069973,0.036222922962464224,0.07810109902633876,-0.06715003236847643,0.01397110324480683,0.0,0.0018855327279207182,2018,Idaho
0.42219158966148784,0.489341590358533,0.01473403770483103,0.0,0.0,0.3111892361529084,0.0,0.020218792792639658,0.0031328927484076123,0.006585386141390629,0.003300578406465353,0.036222924630732484,0.07810109902633876,-0.06715003457467099,0.01397110324480683,0.0,0.0018855327279207182,2019,Idaho
0.4281821303790474,0.49523186419505394,0.0151142953197154,0.0,0.0,0.31131481232660263,0.0,0.01953081148903154,0.003203129708907966,0.005794348530184139,0.01010701406711156,0.03620963293647095,0.07810109825824736,-0.0670496666734444,0.013971103173219488,0.0,0.0018855327340224176,2020,Idaho
0.1509084162847261,0.1548989489430523,0.019272841000157772,0.0,0.003470159713843247,0.012594160132926155,0.0,0.04287830933899787,0.010630380504623603,0.00646952053420233,0.00011580461103335368,0.057780451758462525,0.0007482065622792942,-0.003990508836103368,0.0008414666079282281,0.0,9.774287734218122e-05,2017,Maryland
0.14860966173820742,0.15260015525402446,0.019933137892095668,0.0,0.003269669064310908,0.012615254169906123,0.0,0.04078919509005915,0.009474255101851611,0.007001080956363674,4.9732541460596694e-05,0.05778045265218334,0.0007482065622792942,-0.003990508270645902,0.0008414666079282281,0.0,9.774287734218122e-05,2018,Maryland
0.14874123907515854,0.15273170030061503,0.019787341408192428,0.0,0.0029834856842440973,0.012593488913090428,0.0,0.04149331648529465,0.009217557056543287,0.007104026161082536,8.461492520686339e-05,0.05778044761222786,0.0007482065622792942,-0.003990508702340906,0.0008414666079282281,0.0,9.774287734218122e-05,2019,Maryland
0.14639692424124717,0.15038239538867387,0.02030466333094652,0.0,0.002289357638800946,0.012598018011573352,0.0,0.039993597700242356,0.009404054316916297,0.0063815959112533205,3.6171008583792554e-05,0.057687567916558484,0.0007482065622792942,-0.003985483535464872,0.0008414666053797343,0.0,9.774287734218122e-05,2020,Maryland
0.3629287526287304,0.4169505622421701,0.021281021382892777,4.7787437560053133e-05,0.0,0.1379879659688329,0.0,0.06333324790900632,0.015761407529783306,0.014466166246054218,0.02411947491660669,0.09458646758295343,0.0328956284531039,-0.05402179449454472,0.011051635364591188,0.0,0.0014197594001446778,2017,Washington
0.3743117035565543,0.4283335082233008,0.020641628731651596,4.4998239722780274e-05,0.0,0.13826929666303775,0.0,0.07102968650620141,0.015817492493891888,0.014760322273530557,0.027816639111535885,0.09458646188488745,0.0328956284531039,-0.05402179453906139,0.011051635364591188,0.0,0.0014197594001446778,2018,Washington
0.3515337790850084,0.40555556203673804,0.021025329544267893,5.1131304068930566e-05,0.0,0.13805713535650052,0.0,0.07212989083568398,0.015696979330384466,0.015050472852921704,0.0035910211050711755,0.09458646439663174,0.0328956284531039,-0.05402179189590127,0.011051635364591188,0.0,0.0014197594001446778,2019,Washington
0.35263754708098116,0.40660390166576865,0.021528881747056385,4.454512084523746e-05,0.0,0.13807216190482635,0.0,0.06983868639312657,0.016001846515196465,0.013358100703861715,0.007802301939587873,0.09459035570901128,0.03289562854825213,-0.053966364907954874,0.0110516354374668,0.0,0.0014197594002952653,2020,Washington
0.27873150700243393,0.3558153236669065,0.018903789982105037,0.0,0.0,0.11586728093546597,0.0,0.05381405700830502,0.005279587712214232,0.01111580370120752,0.05733909685297,0.041510737903338694,0.030544201176386863,-0.0770838332797666,0.014283507257596138,0.0,0.0071572724825469365,2017,Oregon
0.2813240818691925,0.35840790178382875,0.017022599591516502,0.0,0.0,0.11709975943844714,0.0,0.054724076944245754,0.005132868995589265,0.011527196582209269,0.059405720122857796,0.041510735375897945,0.030544201176386863,-0.0770838350760772,0.014283507257596138,0.0,0.0071572724825469365,2018,Oregon
0.2280351835004188,0.30511904784378424,0.017156269325279284,0.0,0.0,0.11721623763742482,0.0,0.055493619368531207,0.004961929023921882,0.01181315043730185,0.004982171372065967,0.041510735909370634,0.030544201176386863,-0.07708383531068032,0.014283507257596138,0.0,0.0071572724825469365,2019,Oregon
0.3552112178141436,0.43220685399943176,0.017600317174360697,0.0,0.0,0.11682223733260176,0.0,0.05395128681933251,0.0050811194617114966,0.010416154457263706,0.13481961159710937,0.04153121953968046,0.03054420202778745,-0.07699565673045276,0.014283507243064172,0.0,0.007157272481081027,2020,Oregon
0.2715620538030438,0.3955908646223618,0.04062931950423746,2.081963538913786e-06,0.0016026681976621746,0.11512505237434334,0.0,0.06454286543441709,0.008137856421856552,0.0060624325167469946,0.0031719138456608206,0.007332163669685272,0.13422130355261383,-0.12402883172155198,0.013685550359462846,0.0,0.0010774025177926927,2017,Arizona
0.27663594075812603,0.4006647609298041,0.04406207347253409,1.9283284320595376e-06,0.00168460732133012,0.11590620963502463,0.0,0.06607949816250036,0.007136110900925528,0.006431271740578797,0.003046468335753858,0.007332163501674769,0.13422130355261383,-0.12402882801672646,0.013685550359462846,0.0,0.0010774025177926927,2018,Arizona
0.2789927105655681,0.4030215589877095,0.04451387000609464,1.941580942856328e-06,0.0015348085457126584,0.11580955523130726,0.0,0.0673523539229229,0.0069036829775472215,0.006561793403496993,0.004026975318775518,0.007332163843798834,0.13422130355261383,-0.12402883086850337,0.013685550359462846,0.0,0.0010774025177926927,2019,Arizona
0.2785472069490849,0.4025157434227731,0.04656591082023207,2.1244168403473627e-06,0.0011672580582331536,0.1157164414350522,0.0,0.06446394197916497,0.007124614736465067,0.005935867188817745,0.005231232780120317,0.0073239249653787464,0.13422129830316865,-0.1239684721278433,0.013685550378252257,0.0,0.001077402520790166,2020,Arizona
0.5039360084337021,0.5224800411004558,0.005179674198706734,1.0988988822569971e-06,0.0,0.010813755225535423,0.0,0.014745275130141275,0.0016002728302985352,0.0078031352094519845,2.523048117021599e-05,0.38975320321366747,0.08779524865528222,-0.01854402338124867,0.0047630315720557535,0.0,0.0,2017,Maine
0.5055795132819668,0.5241234945764037,0.005519459048272277,1.0988988822569971e-06,0.0,0.010891363933400268,0.0,0.014937850726604822,0.0015821984649414173,0.008822403607934853,5.759388143704096e-05,0.38975319018657945,0.08779524865528222,-0.018544025467082975,0.0047630315720557535,0.0,0.0,2018,Maine
0.5060208505022725,0.5245648810274327,0.005760910907969134,1.0988988822569971e-06,0.0,0.010871984883618796,0.0,0.015042034964628371,0.001529830597114463,0.009014528225832456,3.291652500777443e-05,0.3897532020115638,0.08779524865528222,-0.018544023626075743,0.0047630315720557535,0.0,0.0,2019,Maine
0.5044588776518352,0.5229536627038115,0.005900001039758301,1.0988988822569971e-06,0.0,0.010876805475678236,0.0,0.014917369140335188,0.0015783330161374426,0.007939476384887725,7.379235878861525e-05,0.3891084802578719,0.08779524846276096,-0.018494840400582364,0.004763031589637378,0.0,0.0,2020,Maine
0.11259927566532316,0.11568675495308026,0.022261969754718544,0.0,0.0,0.003380503150836305,0.0,0.02309947603609444,0.004347198924860184,0.006582814525727675,0.00012730174671409626,0.054626548535848383,0.0006402858758859203,-0.003087536175681511,0.0006207096760506855,0.0,0.0,2017,Massachusetts
0.11086687773176579,0.11395442933784872,0.021824146152554028,0.0,0.0,0.003358049383721193,0.0,0.02196730498758767,0.004199416456049941,0.006539780871089952,0.00017815480257533868,0.05462654275464263,0.0006402858758859203,-0.0030875353971709495,0.0006207096760506855,0.0,0.0,2018,Massachusetts
0.11004223837516025,0.11312974682418865,0.020826504795747863,0.0,0.0,0.003358279783406306,0.0,0.022263068300509076,0.00404330624082325,0.006691093331659984,5.9964329142508445e-05,0.05462654723589221,0.0006402858758859203,-0.003087535663194216,0.0006207096760506855,0.0,0.0,2019,Massachusetts
0.10886986106042543,0.1119513435557571,0.02082060936933083,0.0,0.0,0.0033512068306586484,0.0,0.021699678590087534,0.00426485294399974,0.005958934766523433,4.436784581918025e-05,0.05455066448355289,0.0006402858758859203,-0.003081506497800475,0.0006207096527871684,0.0,0.0,2020,Massachusetts
0.13521429859124734,0.14109273281899512,0.0008229653698175065,0.0,0.0,0.03425442673402151,0.0,0.009844888682784424,0.0006432678209949504,0.0044653629141273386,1.9289673456310125e-05,0.07897795990109818,0.010438407876614413,-0.005878421261734555,0.001626160724973898,0.0,0.0,2017,Vermont
0.13665308636328186,0.14253145883892135,0.0008370644218815988,0.0,0.0,0.03479221301792459,0.0,0.009900947973345424,0.000595158319210566,0.005339509141583543,2.401404401109381e-05,0.07897796176408543,0.010438407876614413,-0.005878420906259531,0.001626160724973898,0.0,0.0,2018,Vermont
0.13681339586118585,0.1426918153900924,0.0008278004379855098,0.0,0.0,0.034728974052924654,0.0,0.010000742923658424,0.0005732293499985378,0.0055134773985888565,5.078597750650292e-06,0.07897796020733601,0.010438407876614413,-0.005878421912154773,0.001626160724973898,0.0,0.0,2019,Vermont
0.1358377162328427,0.1417013480932407,0.0008475879521452568,0.0,0.0,0.0347455120270543,0.0,0.009837829499949994,0.0006041013635585441,0.004743907032824013,1.9619181281997073e-05,0.07883819002736155,0.010438407836537454,-0.005863619350174062,0.0016261607273497071,0.0,0.0,2020,Vermont
0.09491539339674704,0.09853250967089049,0.012626672922790749,0.0,0.0,0.007994940535793525,0.0,0.008783854954772782,0.004585198681640682,0.004706979860486937,5.025305131243594e-05,0.05826109458717801,0.0007732771733980747,-0.0036170602847219453,0.000750225010474078,0.0,0.0,2017,Connecticut
0.09560770339664275,0.09922471420338227,0.013194936664871978,0.0,0.0,0.008074818153152764,0.0,0.008503053727342827,0.004598970738980355,0.005048892140163167,1.947100673822995e-05,0.05826109629859878,0.0007732771733980747,-0.0036170610191662922,0.000750225010474078,0.0,0.0,2018,Connecticut
0.09592766552702127,0.09954470534701261,0.01340338839989504,0.0,0.0,0.008055375672303942,0.0,0.008607999048280718,0.004445227378439409,0.005190724467324842,5.7379263867179836e-05,0.05826109582857318,0.0007732771733980747,-0.003617060378826634,0.000750225010474078,0.0,0.0,2019,Connecticut
0.09534382049266882,0.09895561896828116,0.013545758238052255,0.0,0.0,0.008065421207707863,0.0,0.008416937484954808,0.004525135310443862,0.004646051749579439,5.345419775171906e-05,0.05817934178519601,0.0007732771733980747,-0.003611774826295893,0.0007502250030819715,0.0,0.0,2020,Connecticut
0.06274155713472362,0.06424272826570152,0.00275861894002818,1.401086346601859e-05,0.0,0.0039046421128629046,0.0,0.016289857660933365,0.008925170292865808,0.001119435411232064,3.863443672177466e-05,0.030991153090489342,0.0,-0.0015011579653871029,0.0002011704045933813,0.0,0.0,2017,Delaware
0.0602726635633801,0.061773844998950195,0.0027530769098203854,1.5763788843790383e-05,0.0,0.00394845808654077,0.0,0.015701493865269617,0.006976572347919773,0.001130562300505347,5.55949248338139e-05,0.03099115722097702,0.0,-0.0015011584498800113,0.0002011704045933813,0.0,0.0,2018,Delaware
0.06056951032837186,0.062070693178830114,0.0027556500935591783,1.7912357836733955e-05,0.0,0.00392964079438145,0.0,0.015950564227919097,0.007055843921384645,0.0011398434171988347,2.894592471545163e-05,0.030991161826864202,0.0,-0.0015011582467272082,0.0002011704045933813,0.0,0.0,2019,Delaware
0.05983993057510773,0.06133915765445402,0.002778387776758746,1.5604982316652494e-05,0.0,0.003948519973579391,0.0,0.015439499224784561,0.006951108054585893,0.0010235932475042796,3.833392917349224e-05,0.030942983327438577,0.0,-0.0014992429349008848,0.0002011704045933813,0.0,0.0,2020,Delaware
0.12927648263979719,0.134691578840737,0.004190994529295326,0.0,0.0,0.00498015049762134,0.0,0.019401280504356053,0.003069369637715251,0.0053157757526963965,6.222613715973402e-05,0.08038216837714293,0.016514021509889946,-0.005415104841574653,0.0007756171579357109,0.0,0.0,2017,New Hampshire
0.1312113915927103,0.13662651781553142,0.004173747530991062,0.0,0.0,0.005043019934798342,0.0,0.02063670785679823,0.0032978137702632322,0.005694316600911704,0.00010904669786690184,0.0803821706357358,0.016514021509889946,-0.005415104600005967,0.0007756171579357109,0.0,0.0,2018,New Hampshire
0.13155417252480847,0.13696925002105448,0.004181832106767342,0.0,0.0,0.005034891073162172,0.0,0.02098377046576776,0.003189824158091114,0.00586755308663125,3.960474955072305e-05,0.08038216739479014,0.016514021509889946,-0.005415104640849331,0.0007756171579357109,0.0,0.0,2019,New Hampshire
0.1300306876725778,0.1354327685003117,0.004234909960767549,0.0,0.0,0.005035883229302387,0.0,0.020231414280323316,0.003234929925881483,0.005116461467845707,2.9892076315438545e-05,0.08025965580804878,0.01651402142408133,-0.005402090562802026,0.0007756171385966626,0.0,0.0,2020,New Hampshire
0.040304438857052954,0.12951785493139326,0.013618667496067364,4.192685009256893e-05,0.0,0.04336992274900971,0.0,0.010951525847712713,0.004081281287124997,0.0031220503710655697,0.0019210937851792211,0.010772725820224874,0.024631865948371686,-0.08921340178496588,0.014459796704116902,0.0,0.002546906398942021,2017,Nevada
0.04691436362472269,0.1361277373957442,0.014000363450818518,3.753544411734787e-05,0.0,0.043217448463205924,0.0,0.013822802562151522,0.004075971770660894,0.0033681480446182454,0.005194165200758307,0.010772725960014823,0.024631865948371686,-0.08921339963235006,0.014459796704116902,0.0,0.002546906398942021,2018,Nevada
0.04263655922900877,0.13184994816677897,0.014256403674771193,3.761499194018893e-05,0.0,0.04322725831175209,0.0,0.014090891914371233,0.0039422889577992335,0.003455999863832741,0.0004281280439495582,0.01077272615303197,0.024631865948371686,-0.08921339737786749,0.014459796704116902,0.0,0.002546906398942021,2019,Nevada
0.04309969070713869,0.13223707635714846,0.014715348971326274,4.049188428899926e-05,0.0,0.043127611386671864,0.0,0.013481626506654238,0.003993252907252973,0.003120301716919485,0.00134586544534969,0.010773923571118102,0.02463186465776573,-0.08913737051674699,0.014459796436992163,0.0,0.002546906387813947,2020,Nevada
0.02892257508752658,0.02901606497996639,0.00423018834341762,0.0,0.0,0.00033887249996498564,0.0,0.011503488467389513,0.0005555434259054118,0.0011384772417140758,5.655697769948478e-06,0.011178905450168714,0.0,-9.348748709674298e-05,6.491479355195704e-05,0.0,0.0,2017,Rhode Island
0.02272310998346656,0.022816596734233793,0.00424134555913589,0.0,0.0,0.0003347519954433758,0.0,0.005301092093162537,0.0005348902884503838,0.0011416005210227774,1.9107106433120054e-05,0.011178903708743627,0.0,-9.348748709674298e-05,6.491479355195704e-05,0.0,0.0,2018,Rhode Island
0.022841312552138168,0.022934794904563793,0.004267982167865866,0.0,0.0,0.0003340101163579687,0.0,0.005393252890566362,0.0005140172086786007,0.0011812875964872036,3.981051161040378e-07,0.011178905452625293,0.0,-9.348746746128941e-05,6.491479355195704e-05,0.0,0.0,2019,Rhode Island
0.022573138784034625,0.02266646342449707,0.004267940650961481,0.0,0.0,0.00033437632729989026,0.0,0.005200722226988489,0.0005483252509357509,0.0010836806620352327,2.677348928365776e-06,0.011163838922767198,0.0,-9.331298682074314e-05,6.491478861909191e-05,0.0,0.0,2020,Rhode Island
